stim_num	turker_label	true_label	is_correct	eventType	experimentName	iterationName	gameid	time	role	rule_idx	rule_name	rule_file_name	round_num
0	false	false	true	logTest	mp-game-6	pilot	5625-2b81a024-0bf8-4431-ac52-de407fc7972d	1548453183071	explorer	40	"trees with (purple trunks or white leaves) and orange berries"	trees_purple_trunks_or_white_leaves_orange_berries	0
1	false	false	true	logTest	mp-game-6	pilot	5625-2b81a024-0bf8-4431-ac52-de407fc7972d	1548453183071	explorer	40	"trees with (purple trunks or white leaves) and orange berries"	trees_purple_trunks_or_white_leaves_orange_berries	0
2	false	false	true	logTest	mp-game-6	pilot	5625-2b81a024-0bf8-4431-ac52-de407fc7972d	1548453183071	explorer	40	"trees with (purple trunks or white leaves) and orange berries"	trees_purple_trunks_or_white_leaves_orange_berries	0
3	false	false	true	logTest	mp-game-6	pilot	5625-2b81a024-0bf8-4431-ac52-de407fc7972d	1548453183071	explorer	40	"trees with (purple trunks or white leaves) and orange berries"	trees_purple_trunks_or_white_leaves_orange_berries	0
4	false	false	true	logTest	mp-game-6	pilot	5625-2b81a024-0bf8-4431-ac52-de407fc7972d	1548453183071	explorer	40	"trees with (purple trunks or white leaves) and orange berries"	trees_purple_trunks_or_white_leaves_orange_berries	0
5	true	false	false	logTest	mp-game-6	pilot	5625-2b81a024-0bf8-4431-ac52-de407fc7972d	1548453183071	explorer	40	"trees with (purple trunks or white leaves) and orange berries"	trees_purple_trunks_or_white_leaves_orange_berries	0
6	false	false	true	logTest	mp-game-6	pilot	5625-2b81a024-0bf8-4431-ac52-de407fc7972d	1548453183071	explorer	40	"trees with (purple trunks or white leaves) and orange berries"	trees_purple_trunks_or_white_leaves_orange_berries	0
7	false	false	true	logTest	mp-game-6	pilot	5625-2b81a024-0bf8-4431-ac52-de407fc7972d	1548453183071	explorer	40	"trees with (purple trunks or white leaves) and orange berries"	trees_purple_trunks_or_white_leaves_orange_berries	0
8	false	false	true	logTest	mp-game-6	pilot	5625-2b81a024-0bf8-4431-ac52-de407fc7972d	1548453183071	explorer	40	"trees with (purple trunks or white leaves) and orange berries"	trees_purple_trunks_or_white_leaves_orange_berries	0
9	false	false	true	logTest	mp-game-6	pilot	5625-2b81a024-0bf8-4431-ac52-de407fc7972d	1548453183071	explorer	40	"trees with (purple trunks or white leaves) and orange berries"	trees_purple_trunks_or_white_leaves_orange_berries	0
10	false	false	true	logTest	mp-game-6	pilot	5625-2b81a024-0bf8-4431-ac52-de407fc7972d	1548453183071	explorer	40	"trees with (purple trunks or white leaves) and orange berries"	trees_purple_trunks_or_white_leaves_orange_berries	0
11	false	false	true	logTest	mp-game-6	pilot	5625-2b81a024-0bf8-4431-ac52-de407fc7972d	1548453183071	explorer	40	"trees with (purple trunks or white leaves) and orange berries"	trees_purple_trunks_or_white_leaves_orange_berries	0
12	false	false	true	logTest	mp-game-6	pilot	5625-2b81a024-0bf8-4431-ac52-de407fc7972d	1548453183071	explorer	40	"trees with (purple trunks or white leaves) and orange berries"	trees_purple_trunks_or_white_leaves_orange_berries	0
13	false	false	true	logTest	mp-game-6	pilot	5625-2b81a024-0bf8-4431-ac52-de407fc7972d	1548453183071	explorer	40	"trees with (purple trunks or white leaves) and orange berries"	trees_purple_trunks_or_white_leaves_orange_berries	0
14	false	false	true	logTest	mp-game-6	pilot	5625-2b81a024-0bf8-4431-ac52-de407fc7972d	1548453183071	explorer	40	"trees with (purple trunks or white leaves) and orange berries"	trees_purple_trunks_or_white_leaves_orange_berries	0
15	false	false	true	logTest	mp-game-6	pilot	5625-2b81a024-0bf8-4431-ac52-de407fc7972d	1548453183071	explorer	40	"trees with (purple trunks or white leaves) and orange berries"	trees_purple_trunks_or_white_leaves_orange_berries	0
16	true	true	true	logTest	mp-game-6	pilot	5625-2b81a024-0bf8-4431-ac52-de407fc7972d	1548453183071	explorer	40	"trees with (purple trunks or white leaves) and orange berries"	trees_purple_trunks_or_white_leaves_orange_berries	0
17	false	false	true	logTest	mp-game-6	pilot	5625-2b81a024-0bf8-4431-ac52-de407fc7972d	1548453183071	explorer	40	"trees with (purple trunks or white leaves) and orange berries"	trees_purple_trunks_or_white_leaves_orange_berries	0
18	false	false	true	logTest	mp-game-6	pilot	5625-2b81a024-0bf8-4431-ac52-de407fc7972d	1548453183071	explorer	40	"trees with (purple trunks or white leaves) and orange berries"	trees_purple_trunks_or_white_leaves_orange_berries	0
19	false	false	true	logTest	mp-game-6	pilot	5625-2b81a024-0bf8-4431-ac52-de407fc7972d	1548453183071	explorer	40	"trees with (purple trunks or white leaves) and orange berries"	trees_purple_trunks_or_white_leaves_orange_berries	0
20	false	false	true	logTest	mp-game-6	pilot	5625-2b81a024-0bf8-4431-ac52-de407fc7972d	1548453183071	explorer	40	"trees with (purple trunks or white leaves) and orange berries"	trees_purple_trunks_or_white_leaves_orange_berries	0
21	false	false	true	logTest	mp-game-6	pilot	5625-2b81a024-0bf8-4431-ac52-de407fc7972d	1548453183071	explorer	40	"trees with (purple trunks or white leaves) and orange berries"	trees_purple_trunks_or_white_leaves_orange_berries	0
22	false	false	true	logTest	mp-game-6	pilot	5625-2b81a024-0bf8-4431-ac52-de407fc7972d	1548453183071	explorer	40	"trees with (purple trunks or white leaves) and orange berries"	trees_purple_trunks_or_white_leaves_orange_berries	0
23	false	false	true	logTest	mp-game-6	pilot	5625-2b81a024-0bf8-4431-ac52-de407fc7972d	1548453183071	explorer	40	"trees with (purple trunks or white leaves) and orange berries"	trees_purple_trunks_or_white_leaves_orange_berries	0
24	false	true	false	logTest	mp-game-6	pilot	5625-2b81a024-0bf8-4431-ac52-de407fc7972d	1548453183071	explorer	40	"trees with (purple trunks or white leaves) and orange berries"	trees_purple_trunks_or_white_leaves_orange_berries	0
25	false	false	true	logTest	mp-game-6	pilot	5625-2b81a024-0bf8-4431-ac52-de407fc7972d	1548453183071	explorer	40	"trees with (purple trunks or white leaves) and orange berries"	trees_purple_trunks_or_white_leaves_orange_berries	0
26	false	false	true	logTest	mp-game-6	pilot	5625-2b81a024-0bf8-4431-ac52-de407fc7972d	1548453183071	explorer	40	"trees with (purple trunks or white leaves) and orange berries"	trees_purple_trunks_or_white_leaves_orange_berries	0
27	false	false	true	logTest	mp-game-6	pilot	5625-2b81a024-0bf8-4431-ac52-de407fc7972d	1548453183071	explorer	40	"trees with (purple trunks or white leaves) and orange berries"	trees_purple_trunks_or_white_leaves_orange_berries	0
28	true	true	true	logTest	mp-game-6	pilot	5625-2b81a024-0bf8-4431-ac52-de407fc7972d	1548453183071	explorer	40	"trees with (purple trunks or white leaves) and orange berries"	trees_purple_trunks_or_white_leaves_orange_berries	0
29	false	false	true	logTest	mp-game-6	pilot	5625-2b81a024-0bf8-4431-ac52-de407fc7972d	1548453183071	explorer	40	"trees with (purple trunks or white leaves) and orange berries"	trees_purple_trunks_or_white_leaves_orange_berries	0
30	false	false	true	logTest	mp-game-6	pilot	5625-2b81a024-0bf8-4431-ac52-de407fc7972d	1548453183071	explorer	40	"trees with (purple trunks or white leaves) and orange berries"	trees_purple_trunks_or_white_leaves_orange_berries	0
31	true	true	true	logTest	mp-game-6	pilot	5625-2b81a024-0bf8-4431-ac52-de407fc7972d	1548453183071	explorer	40	"trees with (purple trunks or white leaves) and orange berries"	trees_purple_trunks_or_white_leaves_orange_berries	0
32	false	false	true	logTest	mp-game-6	pilot	5625-2b81a024-0bf8-4431-ac52-de407fc7972d	1548453183071	explorer	40	"trees with (purple trunks or white leaves) and orange berries"	trees_purple_trunks_or_white_leaves_orange_berries	0
33	false	false	true	logTest	mp-game-6	pilot	5625-2b81a024-0bf8-4431-ac52-de407fc7972d	1548453183071	explorer	40	"trees with (purple trunks or white leaves) and orange berries"	trees_purple_trunks_or_white_leaves_orange_berries	0
34	false	false	true	logTest	mp-game-6	pilot	5625-2b81a024-0bf8-4431-ac52-de407fc7972d	1548453183071	explorer	40	"trees with (purple trunks or white leaves) and orange berries"	trees_purple_trunks_or_white_leaves_orange_berries	0
35	false	false	true	logTest	mp-game-6	pilot	5625-2b81a024-0bf8-4431-ac52-de407fc7972d	1548453183071	explorer	40	"trees with (purple trunks or white leaves) and orange berries"	trees_purple_trunks_or_white_leaves_orange_berries	0
36	false	false	true	logTest	mp-game-6	pilot	5625-2b81a024-0bf8-4431-ac52-de407fc7972d	1548453183071	explorer	40	"trees with (purple trunks or white leaves) and orange berries"	trees_purple_trunks_or_white_leaves_orange_berries	0
37	false	false	true	logTest	mp-game-6	pilot	5625-2b81a024-0bf8-4431-ac52-de407fc7972d	1548453183071	explorer	40	"trees with (purple trunks or white leaves) and orange berries"	trees_purple_trunks_or_white_leaves_orange_berries	0
38	false	false	true	logTest	mp-game-6	pilot	5625-2b81a024-0bf8-4431-ac52-de407fc7972d	1548453183071	explorer	40	"trees with (purple trunks or white leaves) and orange berries"	trees_purple_trunks_or_white_leaves_orange_berries	0
39	false	false	true	logTest	mp-game-6	pilot	5625-2b81a024-0bf8-4431-ac52-de407fc7972d	1548453183071	explorer	40	"trees with (purple trunks or white leaves) and orange berries"	trees_purple_trunks_or_white_leaves_orange_berries	0
40	true	true	true	logTest	mp-game-6	pilot	5625-2b81a024-0bf8-4431-ac52-de407fc7972d	1548453183071	explorer	40	"trees with (purple trunks or white leaves) and orange berries"	trees_purple_trunks_or_white_leaves_orange_berries	0
41	false	false	true	logTest	mp-game-6	pilot	5625-2b81a024-0bf8-4431-ac52-de407fc7972d	1548453183071	explorer	40	"trees with (purple trunks or white leaves) and orange berries"	trees_purple_trunks_or_white_leaves_orange_berries	0
42	false	false	true	logTest	mp-game-6	pilot	5625-2b81a024-0bf8-4431-ac52-de407fc7972d	1548453183071	explorer	40	"trees with (purple trunks or white leaves) and orange berries"	trees_purple_trunks_or_white_leaves_orange_berries	0
43	false	false	true	logTest	mp-game-6	pilot	5625-2b81a024-0bf8-4431-ac52-de407fc7972d	1548453183071	explorer	40	"trees with (purple trunks or white leaves) and orange berries"	trees_purple_trunks_or_white_leaves_orange_berries	0
44	false	false	true	logTest	mp-game-6	pilot	5625-2b81a024-0bf8-4431-ac52-de407fc7972d	1548453183071	explorer	40	"trees with (purple trunks or white leaves) and orange berries"	trees_purple_trunks_or_white_leaves_orange_berries	0
45	false	false	true	logTest	mp-game-6	pilot	5625-2b81a024-0bf8-4431-ac52-de407fc7972d	1548453183071	explorer	40	"trees with (purple trunks or white leaves) and orange berries"	trees_purple_trunks_or_white_leaves_orange_berries	0
46	false	false	true	logTest	mp-game-6	pilot	5625-2b81a024-0bf8-4431-ac52-de407fc7972d	1548453183071	explorer	40	"trees with (purple trunks or white leaves) and orange berries"	trees_purple_trunks_or_white_leaves_orange_berries	0
47	true	true	true	logTest	mp-game-6	pilot	5625-2b81a024-0bf8-4431-ac52-de407fc7972d	1548453183071	explorer	40	"trees with (purple trunks or white leaves) and orange berries"	trees_purple_trunks_or_white_leaves_orange_berries	0
48	false	false	true	logTest	mp-game-6	pilot	5625-2b81a024-0bf8-4431-ac52-de407fc7972d	1548453183071	explorer	40	"trees with (purple trunks or white leaves) and orange berries"	trees_purple_trunks_or_white_leaves_orange_berries	0
49	false	false	true	logTest	mp-game-6	pilot	5625-2b81a024-0bf8-4431-ac52-de407fc7972d	1548453183071	explorer	40	"trees with (purple trunks or white leaves) and orange berries"	trees_purple_trunks_or_white_leaves_orange_berries	0
0	false	false	true	logTest	mp-game-6	pilot	5625-2b81a024-0bf8-4431-ac52-de407fc7972d	1548453226504	student	40	"trees with (purple trunks or white leaves) and orange berries"	trees_purple_trunks_or_white_leaves_orange_berries	0
1	false	false	true	logTest	mp-game-6	pilot	5625-2b81a024-0bf8-4431-ac52-de407fc7972d	1548453226504	student	40	"trees with (purple trunks or white leaves) and orange berries"	trees_purple_trunks_or_white_leaves_orange_berries	0
2	false	false	true	logTest	mp-game-6	pilot	5625-2b81a024-0bf8-4431-ac52-de407fc7972d	1548453226504	student	40	"trees with (purple trunks or white leaves) and orange berries"	trees_purple_trunks_or_white_leaves_orange_berries	0
3	false	false	true	logTest	mp-game-6	pilot	5625-2b81a024-0bf8-4431-ac52-de407fc7972d	1548453226504	student	40	"trees with (purple trunks or white leaves) and orange berries"	trees_purple_trunks_or_white_leaves_orange_berries	0
4	false	false	true	logTest	mp-game-6	pilot	5625-2b81a024-0bf8-4431-ac52-de407fc7972d	1548453226504	student	40	"trees with (purple trunks or white leaves) and orange berries"	trees_purple_trunks_or_white_leaves_orange_berries	0
5	false	false	true	logTest	mp-game-6	pilot	5625-2b81a024-0bf8-4431-ac52-de407fc7972d	1548453226504	student	40	"trees with (purple trunks or white leaves) and orange berries"	trees_purple_trunks_or_white_leaves_orange_berries	0
6	false	false	true	logTest	mp-game-6	pilot	5625-2b81a024-0bf8-4431-ac52-de407fc7972d	1548453226504	student	40	"trees with (purple trunks or white leaves) and orange berries"	trees_purple_trunks_or_white_leaves_orange_berries	0
7	false	false	true	logTest	mp-game-6	pilot	5625-2b81a024-0bf8-4431-ac52-de407fc7972d	1548453226504	student	40	"trees with (purple trunks or white leaves) and orange berries"	trees_purple_trunks_or_white_leaves_orange_berries	0
8	false	false	true	logTest	mp-game-6	pilot	5625-2b81a024-0bf8-4431-ac52-de407fc7972d	1548453226504	student	40	"trees with (purple trunks or white leaves) and orange berries"	trees_purple_trunks_or_white_leaves_orange_berries	0
9	false	false	true	logTest	mp-game-6	pilot	5625-2b81a024-0bf8-4431-ac52-de407fc7972d	1548453226504	student	40	"trees with (purple trunks or white leaves) and orange berries"	trees_purple_trunks_or_white_leaves_orange_berries	0
10	false	false	true	logTest	mp-game-6	pilot	5625-2b81a024-0bf8-4431-ac52-de407fc7972d	1548453226504	student	40	"trees with (purple trunks or white leaves) and orange berries"	trees_purple_trunks_or_white_leaves_orange_berries	0
11	false	false	true	logTest	mp-game-6	pilot	5625-2b81a024-0bf8-4431-ac52-de407fc7972d	1548453226504	student	40	"trees with (purple trunks or white leaves) and orange berries"	trees_purple_trunks_or_white_leaves_orange_berries	0
12	false	false	true	logTest	mp-game-6	pilot	5625-2b81a024-0bf8-4431-ac52-de407fc7972d	1548453226504	student	40	"trees with (purple trunks or white leaves) and orange berries"	trees_purple_trunks_or_white_leaves_orange_berries	0
13	false	false	true	logTest	mp-game-6	pilot	5625-2b81a024-0bf8-4431-ac52-de407fc7972d	1548453226504	student	40	"trees with (purple trunks or white leaves) and orange berries"	trees_purple_trunks_or_white_leaves_orange_berries	0
14	false	false	true	logTest	mp-game-6	pilot	5625-2b81a024-0bf8-4431-ac52-de407fc7972d	1548453226504	student	40	"trees with (purple trunks or white leaves) and orange berries"	trees_purple_trunks_or_white_leaves_orange_berries	0
15	false	false	true	logTest	mp-game-6	pilot	5625-2b81a024-0bf8-4431-ac52-de407fc7972d	1548453226504	student	40	"trees with (purple trunks or white leaves) and orange berries"	trees_purple_trunks_or_white_leaves_orange_berries	0
16	true	true	true	logTest	mp-game-6	pilot	5625-2b81a024-0bf8-4431-ac52-de407fc7972d	1548453226504	student	40	"trees with (purple trunks or white leaves) and orange berries"	trees_purple_trunks_or_white_leaves_orange_berries	0
17	false	false	true	logTest	mp-game-6	pilot	5625-2b81a024-0bf8-4431-ac52-de407fc7972d	1548453226504	student	40	"trees with (purple trunks or white leaves) and orange berries"	trees_purple_trunks_or_white_leaves_orange_berries	0
18	false	false	true	logTest	mp-game-6	pilot	5625-2b81a024-0bf8-4431-ac52-de407fc7972d	1548453226504	student	40	"trees with (purple trunks or white leaves) and orange berries"	trees_purple_trunks_or_white_leaves_orange_berries	0
19	false	false	true	logTest	mp-game-6	pilot	5625-2b81a024-0bf8-4431-ac52-de407fc7972d	1548453226504	student	40	"trees with (purple trunks or white leaves) and orange berries"	trees_purple_trunks_or_white_leaves_orange_berries	0
20	false	false	true	logTest	mp-game-6	pilot	5625-2b81a024-0bf8-4431-ac52-de407fc7972d	1548453226504	student	40	"trees with (purple trunks or white leaves) and orange berries"	trees_purple_trunks_or_white_leaves_orange_berries	0
21	false	false	true	logTest	mp-game-6	pilot	5625-2b81a024-0bf8-4431-ac52-de407fc7972d	1548453226504	student	40	"trees with (purple trunks or white leaves) and orange berries"	trees_purple_trunks_or_white_leaves_orange_berries	0
22	false	false	true	logTest	mp-game-6	pilot	5625-2b81a024-0bf8-4431-ac52-de407fc7972d	1548453226504	student	40	"trees with (purple trunks or white leaves) and orange berries"	trees_purple_trunks_or_white_leaves_orange_berries	0
23	false	false	true	logTest	mp-game-6	pilot	5625-2b81a024-0bf8-4431-ac52-de407fc7972d	1548453226504	student	40	"trees with (purple trunks or white leaves) and orange berries"	trees_purple_trunks_or_white_leaves_orange_berries	0
24	false	true	false	logTest	mp-game-6	pilot	5625-2b81a024-0bf8-4431-ac52-de407fc7972d	1548453226504	student	40	"trees with (purple trunks or white leaves) and orange berries"	trees_purple_trunks_or_white_leaves_orange_berries	0
25	false	false	true	logTest	mp-game-6	pilot	5625-2b81a024-0bf8-4431-ac52-de407fc7972d	1548453226504	student	40	"trees with (purple trunks or white leaves) and orange berries"	trees_purple_trunks_or_white_leaves_orange_berries	0
26	false	false	true	logTest	mp-game-6	pilot	5625-2b81a024-0bf8-4431-ac52-de407fc7972d	1548453226504	student	40	"trees with (purple trunks or white leaves) and orange berries"	trees_purple_trunks_or_white_leaves_orange_berries	0
27	false	false	true	logTest	mp-game-6	pilot	5625-2b81a024-0bf8-4431-ac52-de407fc7972d	1548453226504	student	40	"trees with (purple trunks or white leaves) and orange berries"	trees_purple_trunks_or_white_leaves_orange_berries	0
28	true	true	true	logTest	mp-game-6	pilot	5625-2b81a024-0bf8-4431-ac52-de407fc7972d	1548453226504	student	40	"trees with (purple trunks or white leaves) and orange berries"	trees_purple_trunks_or_white_leaves_orange_berries	0
29	false	false	true	logTest	mp-game-6	pilot	5625-2b81a024-0bf8-4431-ac52-de407fc7972d	1548453226504	student	40	"trees with (purple trunks or white leaves) and orange berries"	trees_purple_trunks_or_white_leaves_orange_berries	0
30	false	false	true	logTest	mp-game-6	pilot	5625-2b81a024-0bf8-4431-ac52-de407fc7972d	1548453226504	student	40	"trees with (purple trunks or white leaves) and orange berries"	trees_purple_trunks_or_white_leaves_orange_berries	0
31	true	true	true	logTest	mp-game-6	pilot	5625-2b81a024-0bf8-4431-ac52-de407fc7972d	1548453226504	student	40	"trees with (purple trunks or white leaves) and orange berries"	trees_purple_trunks_or_white_leaves_orange_berries	0
32	false	false	true	logTest	mp-game-6	pilot	5625-2b81a024-0bf8-4431-ac52-de407fc7972d	1548453226504	student	40	"trees with (purple trunks or white leaves) and orange berries"	trees_purple_trunks_or_white_leaves_orange_berries	0
33	false	false	true	logTest	mp-game-6	pilot	5625-2b81a024-0bf8-4431-ac52-de407fc7972d	1548453226504	student	40	"trees with (purple trunks or white leaves) and orange berries"	trees_purple_trunks_or_white_leaves_orange_berries	0
34	false	false	true	logTest	mp-game-6	pilot	5625-2b81a024-0bf8-4431-ac52-de407fc7972d	1548453226504	student	40	"trees with (purple trunks or white leaves) and orange berries"	trees_purple_trunks_or_white_leaves_orange_berries	0
35	false	false	true	logTest	mp-game-6	pilot	5625-2b81a024-0bf8-4431-ac52-de407fc7972d	1548453226504	student	40	"trees with (purple trunks or white leaves) and orange berries"	trees_purple_trunks_or_white_leaves_orange_berries	0
36	false	false	true	logTest	mp-game-6	pilot	5625-2b81a024-0bf8-4431-ac52-de407fc7972d	1548453226504	student	40	"trees with (purple trunks or white leaves) and orange berries"	trees_purple_trunks_or_white_leaves_orange_berries	0
37	false	false	true	logTest	mp-game-6	pilot	5625-2b81a024-0bf8-4431-ac52-de407fc7972d	1548453226504	student	40	"trees with (purple trunks or white leaves) and orange berries"	trees_purple_trunks_or_white_leaves_orange_berries	0
38	false	false	true	logTest	mp-game-6	pilot	5625-2b81a024-0bf8-4431-ac52-de407fc7972d	1548453226504	student	40	"trees with (purple trunks or white leaves) and orange berries"	trees_purple_trunks_or_white_leaves_orange_berries	0
39	false	false	true	logTest	mp-game-6	pilot	5625-2b81a024-0bf8-4431-ac52-de407fc7972d	1548453226504	student	40	"trees with (purple trunks or white leaves) and orange berries"	trees_purple_trunks_or_white_leaves_orange_berries	0
40	true	true	true	logTest	mp-game-6	pilot	5625-2b81a024-0bf8-4431-ac52-de407fc7972d	1548453226504	student	40	"trees with (purple trunks or white leaves) and orange berries"	trees_purple_trunks_or_white_leaves_orange_berries	0
41	false	false	true	logTest	mp-game-6	pilot	5625-2b81a024-0bf8-4431-ac52-de407fc7972d	1548453226504	student	40	"trees with (purple trunks or white leaves) and orange berries"	trees_purple_trunks_or_white_leaves_orange_berries	0
42	false	false	true	logTest	mp-game-6	pilot	5625-2b81a024-0bf8-4431-ac52-de407fc7972d	1548453226504	student	40	"trees with (purple trunks or white leaves) and orange berries"	trees_purple_trunks_or_white_leaves_orange_berries	0
43	false	false	true	logTest	mp-game-6	pilot	5625-2b81a024-0bf8-4431-ac52-de407fc7972d	1548453226504	student	40	"trees with (purple trunks or white leaves) and orange berries"	trees_purple_trunks_or_white_leaves_orange_berries	0
44	false	false	true	logTest	mp-game-6	pilot	5625-2b81a024-0bf8-4431-ac52-de407fc7972d	1548453226504	student	40	"trees with (purple trunks or white leaves) and orange berries"	trees_purple_trunks_or_white_leaves_orange_berries	0
45	false	false	true	logTest	mp-game-6	pilot	5625-2b81a024-0bf8-4431-ac52-de407fc7972d	1548453226504	student	40	"trees with (purple trunks or white leaves) and orange berries"	trees_purple_trunks_or_white_leaves_orange_berries	0
46	false	false	true	logTest	mp-game-6	pilot	5625-2b81a024-0bf8-4431-ac52-de407fc7972d	1548453226504	student	40	"trees with (purple trunks or white leaves) and orange berries"	trees_purple_trunks_or_white_leaves_orange_berries	0
47	true	true	true	logTest	mp-game-6	pilot	5625-2b81a024-0bf8-4431-ac52-de407fc7972d	1548453226504	student	40	"trees with (purple trunks or white leaves) and orange berries"	trees_purple_trunks_or_white_leaves_orange_berries	0
48	false	false	true	logTest	mp-game-6	pilot	5625-2b81a024-0bf8-4431-ac52-de407fc7972d	1548453226504	student	40	"trees with (purple trunks or white leaves) and orange berries"	trees_purple_trunks_or_white_leaves_orange_berries	0
49	false	false	true	logTest	mp-game-6	pilot	5625-2b81a024-0bf8-4431-ac52-de407fc7972d	1548453226504	student	40	"trees with (purple trunks or white leaves) and orange berries"	trees_purple_trunks_or_white_leaves_orange_berries	0
0	true	true	true	logTest	mp-game-6	pilot	5625-2b81a024-0bf8-4431-ac52-de407fc7972d	1548453556706	explorer	20	"bugs with orange antennae or wings"	bugs_orange_antennae_or_wings	1
1	true	true	true	logTest	mp-game-6	pilot	5625-2b81a024-0bf8-4431-ac52-de407fc7972d	1548453556706	explorer	20	"bugs with orange antennae or wings"	bugs_orange_antennae_or_wings	1
2	true	true	true	logTest	mp-game-6	pilot	5625-2b81a024-0bf8-4431-ac52-de407fc7972d	1548453556706	explorer	20	"bugs with orange antennae or wings"	bugs_orange_antennae_or_wings	1
3	true	true	true	logTest	mp-game-6	pilot	5625-2b81a024-0bf8-4431-ac52-de407fc7972d	1548453556706	explorer	20	"bugs with orange antennae or wings"	bugs_orange_antennae_or_wings	1
4	true	true	true	logTest	mp-game-6	pilot	5625-2b81a024-0bf8-4431-ac52-de407fc7972d	1548453556706	explorer	20	"bugs with orange antennae or wings"	bugs_orange_antennae_or_wings	1
5	true	true	true	logTest	mp-game-6	pilot	5625-2b81a024-0bf8-4431-ac52-de407fc7972d	1548453556706	explorer	20	"bugs with orange antennae or wings"	bugs_orange_antennae_or_wings	1
6	false	true	false	logTest	mp-game-6	pilot	5625-2b81a024-0bf8-4431-ac52-de407fc7972d	1548453556706	explorer	20	"bugs with orange antennae or wings"	bugs_orange_antennae_or_wings	1
7	true	true	true	logTest	mp-game-6	pilot	5625-2b81a024-0bf8-4431-ac52-de407fc7972d	1548453556706	explorer	20	"bugs with orange antennae or wings"	bugs_orange_antennae_or_wings	1
8	true	true	true	logTest	mp-game-6	pilot	5625-2b81a024-0bf8-4431-ac52-de407fc7972d	1548453556706	explorer	20	"bugs with orange antennae or wings"	bugs_orange_antennae_or_wings	1
9	true	true	true	logTest	mp-game-6	pilot	5625-2b81a024-0bf8-4431-ac52-de407fc7972d	1548453556706	explorer	20	"bugs with orange antennae or wings"	bugs_orange_antennae_or_wings	1
10	true	true	true	logTest	mp-game-6	pilot	5625-2b81a024-0bf8-4431-ac52-de407fc7972d	1548453556706	explorer	20	"bugs with orange antennae or wings"	bugs_orange_antennae_or_wings	1
11	false	false	true	logTest	mp-game-6	pilot	5625-2b81a024-0bf8-4431-ac52-de407fc7972d	1548453556706	explorer	20	"bugs with orange antennae or wings"	bugs_orange_antennae_or_wings	1
12	false	false	true	logTest	mp-game-6	pilot	5625-2b81a024-0bf8-4431-ac52-de407fc7972d	1548453556706	explorer	20	"bugs with orange antennae or wings"	bugs_orange_antennae_or_wings	1
13	true	true	true	logTest	mp-game-6	pilot	5625-2b81a024-0bf8-4431-ac52-de407fc7972d	1548453556706	explorer	20	"bugs with orange antennae or wings"	bugs_orange_antennae_or_wings	1
14	true	true	true	logTest	mp-game-6	pilot	5625-2b81a024-0bf8-4431-ac52-de407fc7972d	1548453556706	explorer	20	"bugs with orange antennae or wings"	bugs_orange_antennae_or_wings	1
15	true	true	true	logTest	mp-game-6	pilot	5625-2b81a024-0bf8-4431-ac52-de407fc7972d	1548453556706	explorer	20	"bugs with orange antennae or wings"	bugs_orange_antennae_or_wings	1
16	true	true	true	logTest	mp-game-6	pilot	5625-2b81a024-0bf8-4431-ac52-de407fc7972d	1548453556706	explorer	20	"bugs with orange antennae or wings"	bugs_orange_antennae_or_wings	1
17	true	true	true	logTest	mp-game-6	pilot	5625-2b81a024-0bf8-4431-ac52-de407fc7972d	1548453556706	explorer	20	"bugs with orange antennae or wings"	bugs_orange_antennae_or_wings	1
18	true	true	true	logTest	mp-game-6	pilot	5625-2b81a024-0bf8-4431-ac52-de407fc7972d	1548453556706	explorer	20	"bugs with orange antennae or wings"	bugs_orange_antennae_or_wings	1
19	true	true	true	logTest	mp-game-6	pilot	5625-2b81a024-0bf8-4431-ac52-de407fc7972d	1548453556706	explorer	20	"bugs with orange antennae or wings"	bugs_orange_antennae_or_wings	1
20	true	true	true	logTest	mp-game-6	pilot	5625-2b81a024-0bf8-4431-ac52-de407fc7972d	1548453556706	explorer	20	"bugs with orange antennae or wings"	bugs_orange_antennae_or_wings	1
21	true	true	true	logTest	mp-game-6	pilot	5625-2b81a024-0bf8-4431-ac52-de407fc7972d	1548453556706	explorer	20	"bugs with orange antennae or wings"	bugs_orange_antennae_or_wings	1
22	true	true	true	logTest	mp-game-6	pilot	5625-2b81a024-0bf8-4431-ac52-de407fc7972d	1548453556706	explorer	20	"bugs with orange antennae or wings"	bugs_orange_antennae_or_wings	1
23	true	true	true	logTest	mp-game-6	pilot	5625-2b81a024-0bf8-4431-ac52-de407fc7972d	1548453556706	explorer	20	"bugs with orange antennae or wings"	bugs_orange_antennae_or_wings	1
24	true	true	true	logTest	mp-game-6	pilot	5625-2b81a024-0bf8-4431-ac52-de407fc7972d	1548453556706	explorer	20	"bugs with orange antennae or wings"	bugs_orange_antennae_or_wings	1
25	true	true	true	logTest	mp-game-6	pilot	5625-2b81a024-0bf8-4431-ac52-de407fc7972d	1548453556706	explorer	20	"bugs with orange antennae or wings"	bugs_orange_antennae_or_wings	1
26	true	true	true	logTest	mp-game-6	pilot	5625-2b81a024-0bf8-4431-ac52-de407fc7972d	1548453556706	explorer	20	"bugs with orange antennae or wings"	bugs_orange_antennae_or_wings	1
27	true	true	true	logTest	mp-game-6	pilot	5625-2b81a024-0bf8-4431-ac52-de407fc7972d	1548453556706	explorer	20	"bugs with orange antennae or wings"	bugs_orange_antennae_or_wings	1
28	true	true	true	logTest	mp-game-6	pilot	5625-2b81a024-0bf8-4431-ac52-de407fc7972d	1548453556706	explorer	20	"bugs with orange antennae or wings"	bugs_orange_antennae_or_wings	1
29	true	true	true	logTest	mp-game-6	pilot	5625-2b81a024-0bf8-4431-ac52-de407fc7972d	1548453556706	explorer	20	"bugs with orange antennae or wings"	bugs_orange_antennae_or_wings	1
30	true	true	true	logTest	mp-game-6	pilot	5625-2b81a024-0bf8-4431-ac52-de407fc7972d	1548453556706	explorer	20	"bugs with orange antennae or wings"	bugs_orange_antennae_or_wings	1
31	true	true	true	logTest	mp-game-6	pilot	5625-2b81a024-0bf8-4431-ac52-de407fc7972d	1548453556706	explorer	20	"bugs with orange antennae or wings"	bugs_orange_antennae_or_wings	1
32	true	true	true	logTest	mp-game-6	pilot	5625-2b81a024-0bf8-4431-ac52-de407fc7972d	1548453556706	explorer	20	"bugs with orange antennae or wings"	bugs_orange_antennae_or_wings	1
33	true	true	true	logTest	mp-game-6	pilot	5625-2b81a024-0bf8-4431-ac52-de407fc7972d	1548453556706	explorer	20	"bugs with orange antennae or wings"	bugs_orange_antennae_or_wings	1
34	true	true	true	logTest	mp-game-6	pilot	5625-2b81a024-0bf8-4431-ac52-de407fc7972d	1548453556706	explorer	20	"bugs with orange antennae or wings"	bugs_orange_antennae_or_wings	1
35	true	true	true	logTest	mp-game-6	pilot	5625-2b81a024-0bf8-4431-ac52-de407fc7972d	1548453556706	explorer	20	"bugs with orange antennae or wings"	bugs_orange_antennae_or_wings	1
36	true	true	true	logTest	mp-game-6	pilot	5625-2b81a024-0bf8-4431-ac52-de407fc7972d	1548453556706	explorer	20	"bugs with orange antennae or wings"	bugs_orange_antennae_or_wings	1
37	true	true	true	logTest	mp-game-6	pilot	5625-2b81a024-0bf8-4431-ac52-de407fc7972d	1548453556706	explorer	20	"bugs with orange antennae or wings"	bugs_orange_antennae_or_wings	1
38	true	true	true	logTest	mp-game-6	pilot	5625-2b81a024-0bf8-4431-ac52-de407fc7972d	1548453556706	explorer	20	"bugs with orange antennae or wings"	bugs_orange_antennae_or_wings	1
39	true	true	true	logTest	mp-game-6	pilot	5625-2b81a024-0bf8-4431-ac52-de407fc7972d	1548453556706	explorer	20	"bugs with orange antennae or wings"	bugs_orange_antennae_or_wings	1
40	true	true	true	logTest	mp-game-6	pilot	5625-2b81a024-0bf8-4431-ac52-de407fc7972d	1548453556706	explorer	20	"bugs with orange antennae or wings"	bugs_orange_antennae_or_wings	1
41	true	true	true	logTest	mp-game-6	pilot	5625-2b81a024-0bf8-4431-ac52-de407fc7972d	1548453556706	explorer	20	"bugs with orange antennae or wings"	bugs_orange_antennae_or_wings	1
42	true	true	true	logTest	mp-game-6	pilot	5625-2b81a024-0bf8-4431-ac52-de407fc7972d	1548453556706	explorer	20	"bugs with orange antennae or wings"	bugs_orange_antennae_or_wings	1
43	true	true	true	logTest	mp-game-6	pilot	5625-2b81a024-0bf8-4431-ac52-de407fc7972d	1548453556706	explorer	20	"bugs with orange antennae or wings"	bugs_orange_antennae_or_wings	1
44	true	true	true	logTest	mp-game-6	pilot	5625-2b81a024-0bf8-4431-ac52-de407fc7972d	1548453556706	explorer	20	"bugs with orange antennae or wings"	bugs_orange_antennae_or_wings	1
45	true	true	true	logTest	mp-game-6	pilot	5625-2b81a024-0bf8-4431-ac52-de407fc7972d	1548453556706	explorer	20	"bugs with orange antennae or wings"	bugs_orange_antennae_or_wings	1
46	true	true	true	logTest	mp-game-6	pilot	5625-2b81a024-0bf8-4431-ac52-de407fc7972d	1548453556706	explorer	20	"bugs with orange antennae or wings"	bugs_orange_antennae_or_wings	1
47	true	true	true	logTest	mp-game-6	pilot	5625-2b81a024-0bf8-4431-ac52-de407fc7972d	1548453556706	explorer	20	"bugs with orange antennae or wings"	bugs_orange_antennae_or_wings	1
48	false	false	true	logTest	mp-game-6	pilot	5625-2b81a024-0bf8-4431-ac52-de407fc7972d	1548453556706	explorer	20	"bugs with orange antennae or wings"	bugs_orange_antennae_or_wings	1
49	true	true	true	logTest	mp-game-6	pilot	5625-2b81a024-0bf8-4431-ac52-de407fc7972d	1548453556706	explorer	20	"bugs with orange antennae or wings"	bugs_orange_antennae_or_wings	1
0	true	true	true	logTest	mp-game-6	pilot	5625-2b81a024-0bf8-4431-ac52-de407fc7972d	1548453562832	student	20	"bugs with orange antennae or wings"	bugs_orange_antennae_or_wings	1
1	true	true	true	logTest	mp-game-6	pilot	5625-2b81a024-0bf8-4431-ac52-de407fc7972d	1548453562832	student	20	"bugs with orange antennae or wings"	bugs_orange_antennae_or_wings	1
2	true	true	true	logTest	mp-game-6	pilot	5625-2b81a024-0bf8-4431-ac52-de407fc7972d	1548453562832	student	20	"bugs with orange antennae or wings"	bugs_orange_antennae_or_wings	1
3	true	true	true	logTest	mp-game-6	pilot	5625-2b81a024-0bf8-4431-ac52-de407fc7972d	1548453562832	student	20	"bugs with orange antennae or wings"	bugs_orange_antennae_or_wings	1
4	true	true	true	logTest	mp-game-6	pilot	5625-2b81a024-0bf8-4431-ac52-de407fc7972d	1548453562832	student	20	"bugs with orange antennae or wings"	bugs_orange_antennae_or_wings	1
5	true	true	true	logTest	mp-game-6	pilot	5625-2b81a024-0bf8-4431-ac52-de407fc7972d	1548453562832	student	20	"bugs with orange antennae or wings"	bugs_orange_antennae_or_wings	1
6	false	true	false	logTest	mp-game-6	pilot	5625-2b81a024-0bf8-4431-ac52-de407fc7972d	1548453562832	student	20	"bugs with orange antennae or wings"	bugs_orange_antennae_or_wings	1
7	true	true	true	logTest	mp-game-6	pilot	5625-2b81a024-0bf8-4431-ac52-de407fc7972d	1548453562832	student	20	"bugs with orange antennae or wings"	bugs_orange_antennae_or_wings	1
8	true	true	true	logTest	mp-game-6	pilot	5625-2b81a024-0bf8-4431-ac52-de407fc7972d	1548453562832	student	20	"bugs with orange antennae or wings"	bugs_orange_antennae_or_wings	1
9	true	true	true	logTest	mp-game-6	pilot	5625-2b81a024-0bf8-4431-ac52-de407fc7972d	1548453562832	student	20	"bugs with orange antennae or wings"	bugs_orange_antennae_or_wings	1
10	true	true	true	logTest	mp-game-6	pilot	5625-2b81a024-0bf8-4431-ac52-de407fc7972d	1548453562832	student	20	"bugs with orange antennae or wings"	bugs_orange_antennae_or_wings	1
11	false	false	true	logTest	mp-game-6	pilot	5625-2b81a024-0bf8-4431-ac52-de407fc7972d	1548453562832	student	20	"bugs with orange antennae or wings"	bugs_orange_antennae_or_wings	1
12	false	false	true	logTest	mp-game-6	pilot	5625-2b81a024-0bf8-4431-ac52-de407fc7972d	1548453562832	student	20	"bugs with orange antennae or wings"	bugs_orange_antennae_or_wings	1
13	true	true	true	logTest	mp-game-6	pilot	5625-2b81a024-0bf8-4431-ac52-de407fc7972d	1548453562832	student	20	"bugs with orange antennae or wings"	bugs_orange_antennae_or_wings	1
14	true	true	true	logTest	mp-game-6	pilot	5625-2b81a024-0bf8-4431-ac52-de407fc7972d	1548453562832	student	20	"bugs with orange antennae or wings"	bugs_orange_antennae_or_wings	1
15	true	true	true	logTest	mp-game-6	pilot	5625-2b81a024-0bf8-4431-ac52-de407fc7972d	1548453562832	student	20	"bugs with orange antennae or wings"	bugs_orange_antennae_or_wings	1
16	true	true	true	logTest	mp-game-6	pilot	5625-2b81a024-0bf8-4431-ac52-de407fc7972d	1548453562832	student	20	"bugs with orange antennae or wings"	bugs_orange_antennae_or_wings	1
17	true	true	true	logTest	mp-game-6	pilot	5625-2b81a024-0bf8-4431-ac52-de407fc7972d	1548453562832	student	20	"bugs with orange antennae or wings"	bugs_orange_antennae_or_wings	1
18	true	true	true	logTest	mp-game-6	pilot	5625-2b81a024-0bf8-4431-ac52-de407fc7972d	1548453562832	student	20	"bugs with orange antennae or wings"	bugs_orange_antennae_or_wings	1
19	true	true	true	logTest	mp-game-6	pilot	5625-2b81a024-0bf8-4431-ac52-de407fc7972d	1548453562832	student	20	"bugs with orange antennae or wings"	bugs_orange_antennae_or_wings	1
20	true	true	true	logTest	mp-game-6	pilot	5625-2b81a024-0bf8-4431-ac52-de407fc7972d	1548453562832	student	20	"bugs with orange antennae or wings"	bugs_orange_antennae_or_wings	1
21	true	true	true	logTest	mp-game-6	pilot	5625-2b81a024-0bf8-4431-ac52-de407fc7972d	1548453562832	student	20	"bugs with orange antennae or wings"	bugs_orange_antennae_or_wings	1
22	true	true	true	logTest	mp-game-6	pilot	5625-2b81a024-0bf8-4431-ac52-de407fc7972d	1548453562832	student	20	"bugs with orange antennae or wings"	bugs_orange_antennae_or_wings	1
23	true	true	true	logTest	mp-game-6	pilot	5625-2b81a024-0bf8-4431-ac52-de407fc7972d	1548453562832	student	20	"bugs with orange antennae or wings"	bugs_orange_antennae_or_wings	1
24	true	true	true	logTest	mp-game-6	pilot	5625-2b81a024-0bf8-4431-ac52-de407fc7972d	1548453562832	student	20	"bugs with orange antennae or wings"	bugs_orange_antennae_or_wings	1
25	true	true	true	logTest	mp-game-6	pilot	5625-2b81a024-0bf8-4431-ac52-de407fc7972d	1548453562832	student	20	"bugs with orange antennae or wings"	bugs_orange_antennae_or_wings	1
26	true	true	true	logTest	mp-game-6	pilot	5625-2b81a024-0bf8-4431-ac52-de407fc7972d	1548453562832	student	20	"bugs with orange antennae or wings"	bugs_orange_antennae_or_wings	1
27	true	true	true	logTest	mp-game-6	pilot	5625-2b81a024-0bf8-4431-ac52-de407fc7972d	1548453562832	student	20	"bugs with orange antennae or wings"	bugs_orange_antennae_or_wings	1
28	true	true	true	logTest	mp-game-6	pilot	5625-2b81a024-0bf8-4431-ac52-de407fc7972d	1548453562832	student	20	"bugs with orange antennae or wings"	bugs_orange_antennae_or_wings	1
29	true	true	true	logTest	mp-game-6	pilot	5625-2b81a024-0bf8-4431-ac52-de407fc7972d	1548453562832	student	20	"bugs with orange antennae or wings"	bugs_orange_antennae_or_wings	1
30	true	true	true	logTest	mp-game-6	pilot	5625-2b81a024-0bf8-4431-ac52-de407fc7972d	1548453562832	student	20	"bugs with orange antennae or wings"	bugs_orange_antennae_or_wings	1
31	true	true	true	logTest	mp-game-6	pilot	5625-2b81a024-0bf8-4431-ac52-de407fc7972d	1548453562832	student	20	"bugs with orange antennae or wings"	bugs_orange_antennae_or_wings	1
32	true	true	true	logTest	mp-game-6	pilot	5625-2b81a024-0bf8-4431-ac52-de407fc7972d	1548453562832	student	20	"bugs with orange antennae or wings"	bugs_orange_antennae_or_wings	1
33	true	true	true	logTest	mp-game-6	pilot	5625-2b81a024-0bf8-4431-ac52-de407fc7972d	1548453562832	student	20	"bugs with orange antennae or wings"	bugs_orange_antennae_or_wings	1
34	true	true	true	logTest	mp-game-6	pilot	5625-2b81a024-0bf8-4431-ac52-de407fc7972d	1548453562832	student	20	"bugs with orange antennae or wings"	bugs_orange_antennae_or_wings	1
35	true	true	true	logTest	mp-game-6	pilot	5625-2b81a024-0bf8-4431-ac52-de407fc7972d	1548453562832	student	20	"bugs with orange antennae or wings"	bugs_orange_antennae_or_wings	1
36	true	true	true	logTest	mp-game-6	pilot	5625-2b81a024-0bf8-4431-ac52-de407fc7972d	1548453562832	student	20	"bugs with orange antennae or wings"	bugs_orange_antennae_or_wings	1
37	true	true	true	logTest	mp-game-6	pilot	5625-2b81a024-0bf8-4431-ac52-de407fc7972d	1548453562832	student	20	"bugs with orange antennae or wings"	bugs_orange_antennae_or_wings	1
38	true	true	true	logTest	mp-game-6	pilot	5625-2b81a024-0bf8-4431-ac52-de407fc7972d	1548453562832	student	20	"bugs with orange antennae or wings"	bugs_orange_antennae_or_wings	1
39	true	true	true	logTest	mp-game-6	pilot	5625-2b81a024-0bf8-4431-ac52-de407fc7972d	1548453562832	student	20	"bugs with orange antennae or wings"	bugs_orange_antennae_or_wings	1
40	true	true	true	logTest	mp-game-6	pilot	5625-2b81a024-0bf8-4431-ac52-de407fc7972d	1548453562832	student	20	"bugs with orange antennae or wings"	bugs_orange_antennae_or_wings	1
41	true	true	true	logTest	mp-game-6	pilot	5625-2b81a024-0bf8-4431-ac52-de407fc7972d	1548453562832	student	20	"bugs with orange antennae or wings"	bugs_orange_antennae_or_wings	1
42	true	true	true	logTest	mp-game-6	pilot	5625-2b81a024-0bf8-4431-ac52-de407fc7972d	1548453562832	student	20	"bugs with orange antennae or wings"	bugs_orange_antennae_or_wings	1
43	true	true	true	logTest	mp-game-6	pilot	5625-2b81a024-0bf8-4431-ac52-de407fc7972d	1548453562832	student	20	"bugs with orange antennae or wings"	bugs_orange_antennae_or_wings	1
44	true	true	true	logTest	mp-game-6	pilot	5625-2b81a024-0bf8-4431-ac52-de407fc7972d	1548453562832	student	20	"bugs with orange antennae or wings"	bugs_orange_antennae_or_wings	1
45	true	true	true	logTest	mp-game-6	pilot	5625-2b81a024-0bf8-4431-ac52-de407fc7972d	1548453562832	student	20	"bugs with orange antennae or wings"	bugs_orange_antennae_or_wings	1
46	true	true	true	logTest	mp-game-6	pilot	5625-2b81a024-0bf8-4431-ac52-de407fc7972d	1548453562832	student	20	"bugs with orange antennae or wings"	bugs_orange_antennae_or_wings	1
47	true	true	true	logTest	mp-game-6	pilot	5625-2b81a024-0bf8-4431-ac52-de407fc7972d	1548453562832	student	20	"bugs with orange antennae or wings"	bugs_orange_antennae_or_wings	1
48	false	false	true	logTest	mp-game-6	pilot	5625-2b81a024-0bf8-4431-ac52-de407fc7972d	1548453562832	student	20	"bugs with orange antennae or wings"	bugs_orange_antennae_or_wings	1
49	true	true	true	logTest	mp-game-6	pilot	5625-2b81a024-0bf8-4431-ac52-de407fc7972d	1548453562832	student	20	"bugs with orange antennae or wings"	bugs_orange_antennae_or_wings	1
0	false	false	true	logTest	mp-game-6	pilot	5625-2b81a024-0bf8-4431-ac52-de407fc7972d	1548453714421	explorer	10	"fish with orange bodies and purple stripes"	fish_orange_bodies_purple_stripes	2
1	false	false	true	logTest	mp-game-6	pilot	5625-2b81a024-0bf8-4431-ac52-de407fc7972d	1548453714421	explorer	10	"fish with orange bodies and purple stripes"	fish_orange_bodies_purple_stripes	2
2	false	false	true	logTest	mp-game-6	pilot	5625-2b81a024-0bf8-4431-ac52-de407fc7972d	1548453714421	explorer	10	"fish with orange bodies and purple stripes"	fish_orange_bodies_purple_stripes	2
3	false	false	true	logTest	mp-game-6	pilot	5625-2b81a024-0bf8-4431-ac52-de407fc7972d	1548453714421	explorer	10	"fish with orange bodies and purple stripes"	fish_orange_bodies_purple_stripes	2
4	false	false	true	logTest	mp-game-6	pilot	5625-2b81a024-0bf8-4431-ac52-de407fc7972d	1548453714421	explorer	10	"fish with orange bodies and purple stripes"	fish_orange_bodies_purple_stripes	2
5	false	false	true	logTest	mp-game-6	pilot	5625-2b81a024-0bf8-4431-ac52-de407fc7972d	1548453714421	explorer	10	"fish with orange bodies and purple stripes"	fish_orange_bodies_purple_stripes	2
6	false	false	true	logTest	mp-game-6	pilot	5625-2b81a024-0bf8-4431-ac52-de407fc7972d	1548453714421	explorer	10	"fish with orange bodies and purple stripes"	fish_orange_bodies_purple_stripes	2
7	false	false	true	logTest	mp-game-6	pilot	5625-2b81a024-0bf8-4431-ac52-de407fc7972d	1548453714421	explorer	10	"fish with orange bodies and purple stripes"	fish_orange_bodies_purple_stripes	2
8	false	false	true	logTest	mp-game-6	pilot	5625-2b81a024-0bf8-4431-ac52-de407fc7972d	1548453714421	explorer	10	"fish with orange bodies and purple stripes"	fish_orange_bodies_purple_stripes	2
9	true	true	true	logTest	mp-game-6	pilot	5625-2b81a024-0bf8-4431-ac52-de407fc7972d	1548453714421	explorer	10	"fish with orange bodies and purple stripes"	fish_orange_bodies_purple_stripes	2
10	false	false	true	logTest	mp-game-6	pilot	5625-2b81a024-0bf8-4431-ac52-de407fc7972d	1548453714421	explorer	10	"fish with orange bodies and purple stripes"	fish_orange_bodies_purple_stripes	2
11	false	false	true	logTest	mp-game-6	pilot	5625-2b81a024-0bf8-4431-ac52-de407fc7972d	1548453714421	explorer	10	"fish with orange bodies and purple stripes"	fish_orange_bodies_purple_stripes	2
12	false	false	true	logTest	mp-game-6	pilot	5625-2b81a024-0bf8-4431-ac52-de407fc7972d	1548453714421	explorer	10	"fish with orange bodies and purple stripes"	fish_orange_bodies_purple_stripes	2
13	false	false	true	logTest	mp-game-6	pilot	5625-2b81a024-0bf8-4431-ac52-de407fc7972d	1548453714421	explorer	10	"fish with orange bodies and purple stripes"	fish_orange_bodies_purple_stripes	2
14	false	false	true	logTest	mp-game-6	pilot	5625-2b81a024-0bf8-4431-ac52-de407fc7972d	1548453714421	explorer	10	"fish with orange bodies and purple stripes"	fish_orange_bodies_purple_stripes	2
15	false	false	true	logTest	mp-game-6	pilot	5625-2b81a024-0bf8-4431-ac52-de407fc7972d	1548453714421	explorer	10	"fish with orange bodies and purple stripes"	fish_orange_bodies_purple_stripes	2
16	true	true	true	logTest	mp-game-6	pilot	5625-2b81a024-0bf8-4431-ac52-de407fc7972d	1548453714421	explorer	10	"fish with orange bodies and purple stripes"	fish_orange_bodies_purple_stripes	2
17	false	false	true	logTest	mp-game-6	pilot	5625-2b81a024-0bf8-4431-ac52-de407fc7972d	1548453714421	explorer	10	"fish with orange bodies and purple stripes"	fish_orange_bodies_purple_stripes	2
18	false	false	true	logTest	mp-game-6	pilot	5625-2b81a024-0bf8-4431-ac52-de407fc7972d	1548453714421	explorer	10	"fish with orange bodies and purple stripes"	fish_orange_bodies_purple_stripes	2
19	false	false	true	logTest	mp-game-6	pilot	5625-2b81a024-0bf8-4431-ac52-de407fc7972d	1548453714421	explorer	10	"fish with orange bodies and purple stripes"	fish_orange_bodies_purple_stripes	2
20	true	true	true	logTest	mp-game-6	pilot	5625-2b81a024-0bf8-4431-ac52-de407fc7972d	1548453714421	explorer	10	"fish with orange bodies and purple stripes"	fish_orange_bodies_purple_stripes	2
21	false	false	true	logTest	mp-game-6	pilot	5625-2b81a024-0bf8-4431-ac52-de407fc7972d	1548453714421	explorer	10	"fish with orange bodies and purple stripes"	fish_orange_bodies_purple_stripes	2
22	false	false	true	logTest	mp-game-6	pilot	5625-2b81a024-0bf8-4431-ac52-de407fc7972d	1548453714421	explorer	10	"fish with orange bodies and purple stripes"	fish_orange_bodies_purple_stripes	2
23	false	false	true	logTest	mp-game-6	pilot	5625-2b81a024-0bf8-4431-ac52-de407fc7972d	1548453714421	explorer	10	"fish with orange bodies and purple stripes"	fish_orange_bodies_purple_stripes	2
24	true	true	true	logTest	mp-game-6	pilot	5625-2b81a024-0bf8-4431-ac52-de407fc7972d	1548453714421	explorer	10	"fish with orange bodies and purple stripes"	fish_orange_bodies_purple_stripes	2
25	false	false	true	logTest	mp-game-6	pilot	5625-2b81a024-0bf8-4431-ac52-de407fc7972d	1548453714421	explorer	10	"fish with orange bodies and purple stripes"	fish_orange_bodies_purple_stripes	2
26	false	false	true	logTest	mp-game-6	pilot	5625-2b81a024-0bf8-4431-ac52-de407fc7972d	1548453714421	explorer	10	"fish with orange bodies and purple stripes"	fish_orange_bodies_purple_stripes	2
27	false	false	true	logTest	mp-game-6	pilot	5625-2b81a024-0bf8-4431-ac52-de407fc7972d	1548453714421	explorer	10	"fish with orange bodies and purple stripes"	fish_orange_bodies_purple_stripes	2
28	false	false	true	logTest	mp-game-6	pilot	5625-2b81a024-0bf8-4431-ac52-de407fc7972d	1548453714421	explorer	10	"fish with orange bodies and purple stripes"	fish_orange_bodies_purple_stripes	2
29	false	false	true	logTest	mp-game-6	pilot	5625-2b81a024-0bf8-4431-ac52-de407fc7972d	1548453714421	explorer	10	"fish with orange bodies and purple stripes"	fish_orange_bodies_purple_stripes	2
30	false	false	true	logTest	mp-game-6	pilot	5625-2b81a024-0bf8-4431-ac52-de407fc7972d	1548453714421	explorer	10	"fish with orange bodies and purple stripes"	fish_orange_bodies_purple_stripes	2
31	true	true	true	logTest	mp-game-6	pilot	5625-2b81a024-0bf8-4431-ac52-de407fc7972d	1548453714421	explorer	10	"fish with orange bodies and purple stripes"	fish_orange_bodies_purple_stripes	2
32	false	false	true	logTest	mp-game-6	pilot	5625-2b81a024-0bf8-4431-ac52-de407fc7972d	1548453714421	explorer	10	"fish with orange bodies and purple stripes"	fish_orange_bodies_purple_stripes	2
33	false	false	true	logTest	mp-game-6	pilot	5625-2b81a024-0bf8-4431-ac52-de407fc7972d	1548453714421	explorer	10	"fish with orange bodies and purple stripes"	fish_orange_bodies_purple_stripes	2
34	false	false	true	logTest	mp-game-6	pilot	5625-2b81a024-0bf8-4431-ac52-de407fc7972d	1548453714421	explorer	10	"fish with orange bodies and purple stripes"	fish_orange_bodies_purple_stripes	2
35	false	false	true	logTest	mp-game-6	pilot	5625-2b81a024-0bf8-4431-ac52-de407fc7972d	1548453714421	explorer	10	"fish with orange bodies and purple stripes"	fish_orange_bodies_purple_stripes	2
36	false	false	true	logTest	mp-game-6	pilot	5625-2b81a024-0bf8-4431-ac52-de407fc7972d	1548453714421	explorer	10	"fish with orange bodies and purple stripes"	fish_orange_bodies_purple_stripes	2
37	false	false	true	logTest	mp-game-6	pilot	5625-2b81a024-0bf8-4431-ac52-de407fc7972d	1548453714421	explorer	10	"fish with orange bodies and purple stripes"	fish_orange_bodies_purple_stripes	2
38	false	false	true	logTest	mp-game-6	pilot	5625-2b81a024-0bf8-4431-ac52-de407fc7972d	1548453714421	explorer	10	"fish with orange bodies and purple stripes"	fish_orange_bodies_purple_stripes	2
39	false	false	true	logTest	mp-game-6	pilot	5625-2b81a024-0bf8-4431-ac52-de407fc7972d	1548453714421	explorer	10	"fish with orange bodies and purple stripes"	fish_orange_bodies_purple_stripes	2
40	false	false	true	logTest	mp-game-6	pilot	5625-2b81a024-0bf8-4431-ac52-de407fc7972d	1548453714421	explorer	10	"fish with orange bodies and purple stripes"	fish_orange_bodies_purple_stripes	2
41	false	false	true	logTest	mp-game-6	pilot	5625-2b81a024-0bf8-4431-ac52-de407fc7972d	1548453714421	explorer	10	"fish with orange bodies and purple stripes"	fish_orange_bodies_purple_stripes	2
42	false	false	true	logTest	mp-game-6	pilot	5625-2b81a024-0bf8-4431-ac52-de407fc7972d	1548453714421	explorer	10	"fish with orange bodies and purple stripes"	fish_orange_bodies_purple_stripes	2
43	false	false	true	logTest	mp-game-6	pilot	5625-2b81a024-0bf8-4431-ac52-de407fc7972d	1548453714421	explorer	10	"fish with orange bodies and purple stripes"	fish_orange_bodies_purple_stripes	2
44	true	true	true	logTest	mp-game-6	pilot	5625-2b81a024-0bf8-4431-ac52-de407fc7972d	1548453714421	explorer	10	"fish with orange bodies and purple stripes"	fish_orange_bodies_purple_stripes	2
45	false	false	true	logTest	mp-game-6	pilot	5625-2b81a024-0bf8-4431-ac52-de407fc7972d	1548453714421	explorer	10	"fish with orange bodies and purple stripes"	fish_orange_bodies_purple_stripes	2
46	false	false	true	logTest	mp-game-6	pilot	5625-2b81a024-0bf8-4431-ac52-de407fc7972d	1548453714421	explorer	10	"fish with orange bodies and purple stripes"	fish_orange_bodies_purple_stripes	2
47	false	false	true	logTest	mp-game-6	pilot	5625-2b81a024-0bf8-4431-ac52-de407fc7972d	1548453714421	explorer	10	"fish with orange bodies and purple stripes"	fish_orange_bodies_purple_stripes	2
48	false	false	true	logTest	mp-game-6	pilot	5625-2b81a024-0bf8-4431-ac52-de407fc7972d	1548453714421	explorer	10	"fish with orange bodies and purple stripes"	fish_orange_bodies_purple_stripes	2
49	false	false	true	logTest	mp-game-6	pilot	5625-2b81a024-0bf8-4431-ac52-de407fc7972d	1548453714421	explorer	10	"fish with orange bodies and purple stripes"	fish_orange_bodies_purple_stripes	2
0	false	false	true	logTest	mp-game-6	pilot	5625-2b81a024-0bf8-4431-ac52-de407fc7972d	1548453741282	student	10	"fish with orange bodies and purple stripes"	fish_orange_bodies_purple_stripes	2
1	false	false	true	logTest	mp-game-6	pilot	5625-2b81a024-0bf8-4431-ac52-de407fc7972d	1548453741282	student	10	"fish with orange bodies and purple stripes"	fish_orange_bodies_purple_stripes	2
2	false	false	true	logTest	mp-game-6	pilot	5625-2b81a024-0bf8-4431-ac52-de407fc7972d	1548453741282	student	10	"fish with orange bodies and purple stripes"	fish_orange_bodies_purple_stripes	2
3	false	false	true	logTest	mp-game-6	pilot	5625-2b81a024-0bf8-4431-ac52-de407fc7972d	1548453741282	student	10	"fish with orange bodies and purple stripes"	fish_orange_bodies_purple_stripes	2
4	false	false	true	logTest	mp-game-6	pilot	5625-2b81a024-0bf8-4431-ac52-de407fc7972d	1548453741282	student	10	"fish with orange bodies and purple stripes"	fish_orange_bodies_purple_stripes	2
5	false	false	true	logTest	mp-game-6	pilot	5625-2b81a024-0bf8-4431-ac52-de407fc7972d	1548453741282	student	10	"fish with orange bodies and purple stripes"	fish_orange_bodies_purple_stripes	2
6	false	false	true	logTest	mp-game-6	pilot	5625-2b81a024-0bf8-4431-ac52-de407fc7972d	1548453741282	student	10	"fish with orange bodies and purple stripes"	fish_orange_bodies_purple_stripes	2
7	false	false	true	logTest	mp-game-6	pilot	5625-2b81a024-0bf8-4431-ac52-de407fc7972d	1548453741282	student	10	"fish with orange bodies and purple stripes"	fish_orange_bodies_purple_stripes	2
8	false	false	true	logTest	mp-game-6	pilot	5625-2b81a024-0bf8-4431-ac52-de407fc7972d	1548453741282	student	10	"fish with orange bodies and purple stripes"	fish_orange_bodies_purple_stripes	2
9	true	true	true	logTest	mp-game-6	pilot	5625-2b81a024-0bf8-4431-ac52-de407fc7972d	1548453741282	student	10	"fish with orange bodies and purple stripes"	fish_orange_bodies_purple_stripes	2
10	false	false	true	logTest	mp-game-6	pilot	5625-2b81a024-0bf8-4431-ac52-de407fc7972d	1548453741282	student	10	"fish with orange bodies and purple stripes"	fish_orange_bodies_purple_stripes	2
11	false	false	true	logTest	mp-game-6	pilot	5625-2b81a024-0bf8-4431-ac52-de407fc7972d	1548453741282	student	10	"fish with orange bodies and purple stripes"	fish_orange_bodies_purple_stripes	2
12	false	false	true	logTest	mp-game-6	pilot	5625-2b81a024-0bf8-4431-ac52-de407fc7972d	1548453741282	student	10	"fish with orange bodies and purple stripes"	fish_orange_bodies_purple_stripes	2
13	false	false	true	logTest	mp-game-6	pilot	5625-2b81a024-0bf8-4431-ac52-de407fc7972d	1548453741282	student	10	"fish with orange bodies and purple stripes"	fish_orange_bodies_purple_stripes	2
14	false	false	true	logTest	mp-game-6	pilot	5625-2b81a024-0bf8-4431-ac52-de407fc7972d	1548453741282	student	10	"fish with orange bodies and purple stripes"	fish_orange_bodies_purple_stripes	2
15	false	false	true	logTest	mp-game-6	pilot	5625-2b81a024-0bf8-4431-ac52-de407fc7972d	1548453741282	student	10	"fish with orange bodies and purple stripes"	fish_orange_bodies_purple_stripes	2
16	true	true	true	logTest	mp-game-6	pilot	5625-2b81a024-0bf8-4431-ac52-de407fc7972d	1548453741282	student	10	"fish with orange bodies and purple stripes"	fish_orange_bodies_purple_stripes	2
17	false	false	true	logTest	mp-game-6	pilot	5625-2b81a024-0bf8-4431-ac52-de407fc7972d	1548453741282	student	10	"fish with orange bodies and purple stripes"	fish_orange_bodies_purple_stripes	2
18	false	false	true	logTest	mp-game-6	pilot	5625-2b81a024-0bf8-4431-ac52-de407fc7972d	1548453741282	student	10	"fish with orange bodies and purple stripes"	fish_orange_bodies_purple_stripes	2
19	false	false	true	logTest	mp-game-6	pilot	5625-2b81a024-0bf8-4431-ac52-de407fc7972d	1548453741282	student	10	"fish with orange bodies and purple stripes"	fish_orange_bodies_purple_stripes	2
20	true	true	true	logTest	mp-game-6	pilot	5625-2b81a024-0bf8-4431-ac52-de407fc7972d	1548453741282	student	10	"fish with orange bodies and purple stripes"	fish_orange_bodies_purple_stripes	2
21	false	false	true	logTest	mp-game-6	pilot	5625-2b81a024-0bf8-4431-ac52-de407fc7972d	1548453741282	student	10	"fish with orange bodies and purple stripes"	fish_orange_bodies_purple_stripes	2
22	false	false	true	logTest	mp-game-6	pilot	5625-2b81a024-0bf8-4431-ac52-de407fc7972d	1548453741282	student	10	"fish with orange bodies and purple stripes"	fish_orange_bodies_purple_stripes	2
23	false	false	true	logTest	mp-game-6	pilot	5625-2b81a024-0bf8-4431-ac52-de407fc7972d	1548453741282	student	10	"fish with orange bodies and purple stripes"	fish_orange_bodies_purple_stripes	2
24	true	true	true	logTest	mp-game-6	pilot	5625-2b81a024-0bf8-4431-ac52-de407fc7972d	1548453741282	student	10	"fish with orange bodies and purple stripes"	fish_orange_bodies_purple_stripes	2
25	false	false	true	logTest	mp-game-6	pilot	5625-2b81a024-0bf8-4431-ac52-de407fc7972d	1548453741282	student	10	"fish with orange bodies and purple stripes"	fish_orange_bodies_purple_stripes	2
26	false	false	true	logTest	mp-game-6	pilot	5625-2b81a024-0bf8-4431-ac52-de407fc7972d	1548453741282	student	10	"fish with orange bodies and purple stripes"	fish_orange_bodies_purple_stripes	2
27	false	false	true	logTest	mp-game-6	pilot	5625-2b81a024-0bf8-4431-ac52-de407fc7972d	1548453741282	student	10	"fish with orange bodies and purple stripes"	fish_orange_bodies_purple_stripes	2
28	false	false	true	logTest	mp-game-6	pilot	5625-2b81a024-0bf8-4431-ac52-de407fc7972d	1548453741282	student	10	"fish with orange bodies and purple stripes"	fish_orange_bodies_purple_stripes	2
29	false	false	true	logTest	mp-game-6	pilot	5625-2b81a024-0bf8-4431-ac52-de407fc7972d	1548453741282	student	10	"fish with orange bodies and purple stripes"	fish_orange_bodies_purple_stripes	2
30	false	false	true	logTest	mp-game-6	pilot	5625-2b81a024-0bf8-4431-ac52-de407fc7972d	1548453741282	student	10	"fish with orange bodies and purple stripes"	fish_orange_bodies_purple_stripes	2
31	true	true	true	logTest	mp-game-6	pilot	5625-2b81a024-0bf8-4431-ac52-de407fc7972d	1548453741282	student	10	"fish with orange bodies and purple stripes"	fish_orange_bodies_purple_stripes	2
32	false	false	true	logTest	mp-game-6	pilot	5625-2b81a024-0bf8-4431-ac52-de407fc7972d	1548453741282	student	10	"fish with orange bodies and purple stripes"	fish_orange_bodies_purple_stripes	2
33	false	false	true	logTest	mp-game-6	pilot	5625-2b81a024-0bf8-4431-ac52-de407fc7972d	1548453741282	student	10	"fish with orange bodies and purple stripes"	fish_orange_bodies_purple_stripes	2
34	false	false	true	logTest	mp-game-6	pilot	5625-2b81a024-0bf8-4431-ac52-de407fc7972d	1548453741282	student	10	"fish with orange bodies and purple stripes"	fish_orange_bodies_purple_stripes	2
35	false	false	true	logTest	mp-game-6	pilot	5625-2b81a024-0bf8-4431-ac52-de407fc7972d	1548453741282	student	10	"fish with orange bodies and purple stripes"	fish_orange_bodies_purple_stripes	2
36	false	false	true	logTest	mp-game-6	pilot	5625-2b81a024-0bf8-4431-ac52-de407fc7972d	1548453741282	student	10	"fish with orange bodies and purple stripes"	fish_orange_bodies_purple_stripes	2
37	false	false	true	logTest	mp-game-6	pilot	5625-2b81a024-0bf8-4431-ac52-de407fc7972d	1548453741282	student	10	"fish with orange bodies and purple stripes"	fish_orange_bodies_purple_stripes	2
38	false	false	true	logTest	mp-game-6	pilot	5625-2b81a024-0bf8-4431-ac52-de407fc7972d	1548453741282	student	10	"fish with orange bodies and purple stripes"	fish_orange_bodies_purple_stripes	2
39	false	false	true	logTest	mp-game-6	pilot	5625-2b81a024-0bf8-4431-ac52-de407fc7972d	1548453741282	student	10	"fish with orange bodies and purple stripes"	fish_orange_bodies_purple_stripes	2
40	false	false	true	logTest	mp-game-6	pilot	5625-2b81a024-0bf8-4431-ac52-de407fc7972d	1548453741282	student	10	"fish with orange bodies and purple stripes"	fish_orange_bodies_purple_stripes	2
41	false	false	true	logTest	mp-game-6	pilot	5625-2b81a024-0bf8-4431-ac52-de407fc7972d	1548453741282	student	10	"fish with orange bodies and purple stripes"	fish_orange_bodies_purple_stripes	2
42	false	false	true	logTest	mp-game-6	pilot	5625-2b81a024-0bf8-4431-ac52-de407fc7972d	1548453741282	student	10	"fish with orange bodies and purple stripes"	fish_orange_bodies_purple_stripes	2
43	false	false	true	logTest	mp-game-6	pilot	5625-2b81a024-0bf8-4431-ac52-de407fc7972d	1548453741282	student	10	"fish with orange bodies and purple stripes"	fish_orange_bodies_purple_stripes	2
44	true	true	true	logTest	mp-game-6	pilot	5625-2b81a024-0bf8-4431-ac52-de407fc7972d	1548453741282	student	10	"fish with orange bodies and purple stripes"	fish_orange_bodies_purple_stripes	2
45	false	false	true	logTest	mp-game-6	pilot	5625-2b81a024-0bf8-4431-ac52-de407fc7972d	1548453741282	student	10	"fish with orange bodies and purple stripes"	fish_orange_bodies_purple_stripes	2
46	false	false	true	logTest	mp-game-6	pilot	5625-2b81a024-0bf8-4431-ac52-de407fc7972d	1548453741282	student	10	"fish with orange bodies and purple stripes"	fish_orange_bodies_purple_stripes	2
47	false	false	true	logTest	mp-game-6	pilot	5625-2b81a024-0bf8-4431-ac52-de407fc7972d	1548453741282	student	10	"fish with orange bodies and purple stripes"	fish_orange_bodies_purple_stripes	2
48	false	false	true	logTest	mp-game-6	pilot	5625-2b81a024-0bf8-4431-ac52-de407fc7972d	1548453741282	student	10	"fish with orange bodies and purple stripes"	fish_orange_bodies_purple_stripes	2
49	false	false	true	logTest	mp-game-6	pilot	5625-2b81a024-0bf8-4431-ac52-de407fc7972d	1548453741282	student	10	"fish with orange bodies and purple stripes"	fish_orange_bodies_purple_stripes	2
0	false	false	true	logTest	mp-game-6	pilot	5625-2b81a024-0bf8-4431-ac52-de407fc7972d	1548453895418	explorer	30	"birds with (purple wings and white crests) or white tails"	birds_purple_wings_white_crests_or_white_tails	3
1	false	false	true	logTest	mp-game-6	pilot	5625-2b81a024-0bf8-4431-ac52-de407fc7972d	1548453895418	explorer	30	"birds with (purple wings and white crests) or white tails"	birds_purple_wings_white_crests_or_white_tails	3
2	true	true	true	logTest	mp-game-6	pilot	5625-2b81a024-0bf8-4431-ac52-de407fc7972d	1548453895418	explorer	30	"birds with (purple wings and white crests) or white tails"	birds_purple_wings_white_crests_or_white_tails	3
3	false	false	true	logTest	mp-game-6	pilot	5625-2b81a024-0bf8-4431-ac52-de407fc7972d	1548453895418	explorer	30	"birds with (purple wings and white crests) or white tails"	birds_purple_wings_white_crests_or_white_tails	3
4	true	true	true	logTest	mp-game-6	pilot	5625-2b81a024-0bf8-4431-ac52-de407fc7972d	1548453895418	explorer	30	"birds with (purple wings and white crests) or white tails"	birds_purple_wings_white_crests_or_white_tails	3
5	false	false	true	logTest	mp-game-6	pilot	5625-2b81a024-0bf8-4431-ac52-de407fc7972d	1548453895418	explorer	30	"birds with (purple wings and white crests) or white tails"	birds_purple_wings_white_crests_or_white_tails	3
6	false	false	true	logTest	mp-game-6	pilot	5625-2b81a024-0bf8-4431-ac52-de407fc7972d	1548453895418	explorer	30	"birds with (purple wings and white crests) or white tails"	birds_purple_wings_white_crests_or_white_tails	3
7	true	true	true	logTest	mp-game-6	pilot	5625-2b81a024-0bf8-4431-ac52-de407fc7972d	1548453895418	explorer	30	"birds with (purple wings and white crests) or white tails"	birds_purple_wings_white_crests_or_white_tails	3
8	false	false	true	logTest	mp-game-6	pilot	5625-2b81a024-0bf8-4431-ac52-de407fc7972d	1548453895418	explorer	30	"birds with (purple wings and white crests) or white tails"	birds_purple_wings_white_crests_or_white_tails	3
9	false	false	true	logTest	mp-game-6	pilot	5625-2b81a024-0bf8-4431-ac52-de407fc7972d	1548453895418	explorer	30	"birds with (purple wings and white crests) or white tails"	birds_purple_wings_white_crests_or_white_tails	3
10	true	true	true	logTest	mp-game-6	pilot	5625-2b81a024-0bf8-4431-ac52-de407fc7972d	1548453895418	explorer	30	"birds with (purple wings and white crests) or white tails"	birds_purple_wings_white_crests_or_white_tails	3
11	true	true	true	logTest	mp-game-6	pilot	5625-2b81a024-0bf8-4431-ac52-de407fc7972d	1548453895418	explorer	30	"birds with (purple wings and white crests) or white tails"	birds_purple_wings_white_crests_or_white_tails	3
12	false	false	true	logTest	mp-game-6	pilot	5625-2b81a024-0bf8-4431-ac52-de407fc7972d	1548453895418	explorer	30	"birds with (purple wings and white crests) or white tails"	birds_purple_wings_white_crests_or_white_tails	3
13	false	false	true	logTest	mp-game-6	pilot	5625-2b81a024-0bf8-4431-ac52-de407fc7972d	1548453895418	explorer	30	"birds with (purple wings and white crests) or white tails"	birds_purple_wings_white_crests_or_white_tails	3
14	true	true	true	logTest	mp-game-6	pilot	5625-2b81a024-0bf8-4431-ac52-de407fc7972d	1548453895418	explorer	30	"birds with (purple wings and white crests) or white tails"	birds_purple_wings_white_crests_or_white_tails	3
15	false	false	true	logTest	mp-game-6	pilot	5625-2b81a024-0bf8-4431-ac52-de407fc7972d	1548453895418	explorer	30	"birds with (purple wings and white crests) or white tails"	birds_purple_wings_white_crests_or_white_tails	3
16	true	true	true	logTest	mp-game-6	pilot	5625-2b81a024-0bf8-4431-ac52-de407fc7972d	1548453895418	explorer	30	"birds with (purple wings and white crests) or white tails"	birds_purple_wings_white_crests_or_white_tails	3
17	true	true	true	logTest	mp-game-6	pilot	5625-2b81a024-0bf8-4431-ac52-de407fc7972d	1548453895418	explorer	30	"birds with (purple wings and white crests) or white tails"	birds_purple_wings_white_crests_or_white_tails	3
18	false	false	true	logTest	mp-game-6	pilot	5625-2b81a024-0bf8-4431-ac52-de407fc7972d	1548453895418	explorer	30	"birds with (purple wings and white crests) or white tails"	birds_purple_wings_white_crests_or_white_tails	3
19	false	false	true	logTest	mp-game-6	pilot	5625-2b81a024-0bf8-4431-ac52-de407fc7972d	1548453895418	explorer	30	"birds with (purple wings and white crests) or white tails"	birds_purple_wings_white_crests_or_white_tails	3
20	false	false	true	logTest	mp-game-6	pilot	5625-2b81a024-0bf8-4431-ac52-de407fc7972d	1548453895418	explorer	30	"birds with (purple wings and white crests) or white tails"	birds_purple_wings_white_crests_or_white_tails	3
21	false	false	true	logTest	mp-game-6	pilot	5625-2b81a024-0bf8-4431-ac52-de407fc7972d	1548453895418	explorer	30	"birds with (purple wings and white crests) or white tails"	birds_purple_wings_white_crests_or_white_tails	3
22	false	false	true	logTest	mp-game-6	pilot	5625-2b81a024-0bf8-4431-ac52-de407fc7972d	1548453895418	explorer	30	"birds with (purple wings and white crests) or white tails"	birds_purple_wings_white_crests_or_white_tails	3
23	false	false	true	logTest	mp-game-6	pilot	5625-2b81a024-0bf8-4431-ac52-de407fc7972d	1548453895418	explorer	30	"birds with (purple wings and white crests) or white tails"	birds_purple_wings_white_crests_or_white_tails	3
24	false	false	true	logTest	mp-game-6	pilot	5625-2b81a024-0bf8-4431-ac52-de407fc7972d	1548453895418	explorer	30	"birds with (purple wings and white crests) or white tails"	birds_purple_wings_white_crests_or_white_tails	3
25	false	true	false	logTest	mp-game-6	pilot	5625-2b81a024-0bf8-4431-ac52-de407fc7972d	1548453895418	explorer	30	"birds with (purple wings and white crests) or white tails"	birds_purple_wings_white_crests_or_white_tails	3
26	false	false	true	logTest	mp-game-6	pilot	5625-2b81a024-0bf8-4431-ac52-de407fc7972d	1548453895418	explorer	30	"birds with (purple wings and white crests) or white tails"	birds_purple_wings_white_crests_or_white_tails	3
27	false	false	true	logTest	mp-game-6	pilot	5625-2b81a024-0bf8-4431-ac52-de407fc7972d	1548453895418	explorer	30	"birds with (purple wings and white crests) or white tails"	birds_purple_wings_white_crests_or_white_tails	3
28	false	false	true	logTest	mp-game-6	pilot	5625-2b81a024-0bf8-4431-ac52-de407fc7972d	1548453895418	explorer	30	"birds with (purple wings and white crests) or white tails"	birds_purple_wings_white_crests_or_white_tails	3
29	false	false	true	logTest	mp-game-6	pilot	5625-2b81a024-0bf8-4431-ac52-de407fc7972d	1548453895418	explorer	30	"birds with (purple wings and white crests) or white tails"	birds_purple_wings_white_crests_or_white_tails	3
30	false	false	true	logTest	mp-game-6	pilot	5625-2b81a024-0bf8-4431-ac52-de407fc7972d	1548453895418	explorer	30	"birds with (purple wings and white crests) or white tails"	birds_purple_wings_white_crests_or_white_tails	3
31	false	false	true	logTest	mp-game-6	pilot	5625-2b81a024-0bf8-4431-ac52-de407fc7972d	1548453895418	explorer	30	"birds with (purple wings and white crests) or white tails"	birds_purple_wings_white_crests_or_white_tails	3
32	false	false	true	logTest	mp-game-6	pilot	5625-2b81a024-0bf8-4431-ac52-de407fc7972d	1548453895418	explorer	30	"birds with (purple wings and white crests) or white tails"	birds_purple_wings_white_crests_or_white_tails	3
33	false	false	true	logTest	mp-game-6	pilot	5625-2b81a024-0bf8-4431-ac52-de407fc7972d	1548453895418	explorer	30	"birds with (purple wings and white crests) or white tails"	birds_purple_wings_white_crests_or_white_tails	3
34	false	false	true	logTest	mp-game-6	pilot	5625-2b81a024-0bf8-4431-ac52-de407fc7972d	1548453895418	explorer	30	"birds with (purple wings and white crests) or white tails"	birds_purple_wings_white_crests_or_white_tails	3
35	false	false	true	logTest	mp-game-6	pilot	5625-2b81a024-0bf8-4431-ac52-de407fc7972d	1548453895418	explorer	30	"birds with (purple wings and white crests) or white tails"	birds_purple_wings_white_crests_or_white_tails	3
36	false	false	true	logTest	mp-game-6	pilot	5625-2b81a024-0bf8-4431-ac52-de407fc7972d	1548453895418	explorer	30	"birds with (purple wings and white crests) or white tails"	birds_purple_wings_white_crests_or_white_tails	3
37	false	true	false	logTest	mp-game-6	pilot	5625-2b81a024-0bf8-4431-ac52-de407fc7972d	1548453895418	explorer	30	"birds with (purple wings and white crests) or white tails"	birds_purple_wings_white_crests_or_white_tails	3
38	false	false	true	logTest	mp-game-6	pilot	5625-2b81a024-0bf8-4431-ac52-de407fc7972d	1548453895418	explorer	30	"birds with (purple wings and white crests) or white tails"	birds_purple_wings_white_crests_or_white_tails	3
39	false	false	true	logTest	mp-game-6	pilot	5625-2b81a024-0bf8-4431-ac52-de407fc7972d	1548453895418	explorer	30	"birds with (purple wings and white crests) or white tails"	birds_purple_wings_white_crests_or_white_tails	3
40	false	false	true	logTest	mp-game-6	pilot	5625-2b81a024-0bf8-4431-ac52-de407fc7972d	1548453895418	explorer	30	"birds with (purple wings and white crests) or white tails"	birds_purple_wings_white_crests_or_white_tails	3
41	false	false	true	logTest	mp-game-6	pilot	5625-2b81a024-0bf8-4431-ac52-de407fc7972d	1548453895418	explorer	30	"birds with (purple wings and white crests) or white tails"	birds_purple_wings_white_crests_or_white_tails	3
42	false	false	true	logTest	mp-game-6	pilot	5625-2b81a024-0bf8-4431-ac52-de407fc7972d	1548453895418	explorer	30	"birds with (purple wings and white crests) or white tails"	birds_purple_wings_white_crests_or_white_tails	3
43	false	false	true	logTest	mp-game-6	pilot	5625-2b81a024-0bf8-4431-ac52-de407fc7972d	1548453895418	explorer	30	"birds with (purple wings and white crests) or white tails"	birds_purple_wings_white_crests_or_white_tails	3
44	false	false	true	logTest	mp-game-6	pilot	5625-2b81a024-0bf8-4431-ac52-de407fc7972d	1548453895418	explorer	30	"birds with (purple wings and white crests) or white tails"	birds_purple_wings_white_crests_or_white_tails	3
45	false	false	true	logTest	mp-game-6	pilot	5625-2b81a024-0bf8-4431-ac52-de407fc7972d	1548453895418	explorer	30	"birds with (purple wings and white crests) or white tails"	birds_purple_wings_white_crests_or_white_tails	3
46	false	false	true	logTest	mp-game-6	pilot	5625-2b81a024-0bf8-4431-ac52-de407fc7972d	1548453895418	explorer	30	"birds with (purple wings and white crests) or white tails"	birds_purple_wings_white_crests_or_white_tails	3
47	false	false	true	logTest	mp-game-6	pilot	5625-2b81a024-0bf8-4431-ac52-de407fc7972d	1548453895418	explorer	30	"birds with (purple wings and white crests) or white tails"	birds_purple_wings_white_crests_or_white_tails	3
48	false	false	true	logTest	mp-game-6	pilot	5625-2b81a024-0bf8-4431-ac52-de407fc7972d	1548453895418	explorer	30	"birds with (purple wings and white crests) or white tails"	birds_purple_wings_white_crests_or_white_tails	3
49	false	false	true	logTest	mp-game-6	pilot	5625-2b81a024-0bf8-4431-ac52-de407fc7972d	1548453895418	explorer	30	"birds with (purple wings and white crests) or white tails"	birds_purple_wings_white_crests_or_white_tails	3
0	false	false	true	logTest	mp-game-6	pilot	5625-2b81a024-0bf8-4431-ac52-de407fc7972d	1548453896184	student	30	"birds with (purple wings and white crests) or white tails"	birds_purple_wings_white_crests_or_white_tails	3
1	false	false	true	logTest	mp-game-6	pilot	5625-2b81a024-0bf8-4431-ac52-de407fc7972d	1548453896184	student	30	"birds with (purple wings and white crests) or white tails"	birds_purple_wings_white_crests_or_white_tails	3
2	true	true	true	logTest	mp-game-6	pilot	5625-2b81a024-0bf8-4431-ac52-de407fc7972d	1548453896184	student	30	"birds with (purple wings and white crests) or white tails"	birds_purple_wings_white_crests_or_white_tails	3
3	false	false	true	logTest	mp-game-6	pilot	5625-2b81a024-0bf8-4431-ac52-de407fc7972d	1548453896184	student	30	"birds with (purple wings and white crests) or white tails"	birds_purple_wings_white_crests_or_white_tails	3
4	true	true	true	logTest	mp-game-6	pilot	5625-2b81a024-0bf8-4431-ac52-de407fc7972d	1548453896184	student	30	"birds with (purple wings and white crests) or white tails"	birds_purple_wings_white_crests_or_white_tails	3
5	false	false	true	logTest	mp-game-6	pilot	5625-2b81a024-0bf8-4431-ac52-de407fc7972d	1548453896184	student	30	"birds with (purple wings and white crests) or white tails"	birds_purple_wings_white_crests_or_white_tails	3
6	false	false	true	logTest	mp-game-6	pilot	5625-2b81a024-0bf8-4431-ac52-de407fc7972d	1548453896184	student	30	"birds with (purple wings and white crests) or white tails"	birds_purple_wings_white_crests_or_white_tails	3
7	true	true	true	logTest	mp-game-6	pilot	5625-2b81a024-0bf8-4431-ac52-de407fc7972d	1548453896184	student	30	"birds with (purple wings and white crests) or white tails"	birds_purple_wings_white_crests_or_white_tails	3
8	false	false	true	logTest	mp-game-6	pilot	5625-2b81a024-0bf8-4431-ac52-de407fc7972d	1548453896184	student	30	"birds with (purple wings and white crests) or white tails"	birds_purple_wings_white_crests_or_white_tails	3
9	false	false	true	logTest	mp-game-6	pilot	5625-2b81a024-0bf8-4431-ac52-de407fc7972d	1548453896184	student	30	"birds with (purple wings and white crests) or white tails"	birds_purple_wings_white_crests_or_white_tails	3
10	true	true	true	logTest	mp-game-6	pilot	5625-2b81a024-0bf8-4431-ac52-de407fc7972d	1548453896184	student	30	"birds with (purple wings and white crests) or white tails"	birds_purple_wings_white_crests_or_white_tails	3
11	true	true	true	logTest	mp-game-6	pilot	5625-2b81a024-0bf8-4431-ac52-de407fc7972d	1548453896184	student	30	"birds with (purple wings and white crests) or white tails"	birds_purple_wings_white_crests_or_white_tails	3
12	false	false	true	logTest	mp-game-6	pilot	5625-2b81a024-0bf8-4431-ac52-de407fc7972d	1548453896184	student	30	"birds with (purple wings and white crests) or white tails"	birds_purple_wings_white_crests_or_white_tails	3
13	false	false	true	logTest	mp-game-6	pilot	5625-2b81a024-0bf8-4431-ac52-de407fc7972d	1548453896184	student	30	"birds with (purple wings and white crests) or white tails"	birds_purple_wings_white_crests_or_white_tails	3
14	true	true	true	logTest	mp-game-6	pilot	5625-2b81a024-0bf8-4431-ac52-de407fc7972d	1548453896184	student	30	"birds with (purple wings and white crests) or white tails"	birds_purple_wings_white_crests_or_white_tails	3
15	false	false	true	logTest	mp-game-6	pilot	5625-2b81a024-0bf8-4431-ac52-de407fc7972d	1548453896184	student	30	"birds with (purple wings and white crests) or white tails"	birds_purple_wings_white_crests_or_white_tails	3
16	true	true	true	logTest	mp-game-6	pilot	5625-2b81a024-0bf8-4431-ac52-de407fc7972d	1548453896184	student	30	"birds with (purple wings and white crests) or white tails"	birds_purple_wings_white_crests_or_white_tails	3
17	true	true	true	logTest	mp-game-6	pilot	5625-2b81a024-0bf8-4431-ac52-de407fc7972d	1548453896184	student	30	"birds with (purple wings and white crests) or white tails"	birds_purple_wings_white_crests_or_white_tails	3
18	false	false	true	logTest	mp-game-6	pilot	5625-2b81a024-0bf8-4431-ac52-de407fc7972d	1548453896184	student	30	"birds with (purple wings and white crests) or white tails"	birds_purple_wings_white_crests_or_white_tails	3
19	false	false	true	logTest	mp-game-6	pilot	5625-2b81a024-0bf8-4431-ac52-de407fc7972d	1548453896184	student	30	"birds with (purple wings and white crests) or white tails"	birds_purple_wings_white_crests_or_white_tails	3
20	false	false	true	logTest	mp-game-6	pilot	5625-2b81a024-0bf8-4431-ac52-de407fc7972d	1548453896184	student	30	"birds with (purple wings and white crests) or white tails"	birds_purple_wings_white_crests_or_white_tails	3
21	false	false	true	logTest	mp-game-6	pilot	5625-2b81a024-0bf8-4431-ac52-de407fc7972d	1548453896184	student	30	"birds with (purple wings and white crests) or white tails"	birds_purple_wings_white_crests_or_white_tails	3
22	false	false	true	logTest	mp-game-6	pilot	5625-2b81a024-0bf8-4431-ac52-de407fc7972d	1548453896184	student	30	"birds with (purple wings and white crests) or white tails"	birds_purple_wings_white_crests_or_white_tails	3
23	false	false	true	logTest	mp-game-6	pilot	5625-2b81a024-0bf8-4431-ac52-de407fc7972d	1548453896184	student	30	"birds with (purple wings and white crests) or white tails"	birds_purple_wings_white_crests_or_white_tails	3
24	false	false	true	logTest	mp-game-6	pilot	5625-2b81a024-0bf8-4431-ac52-de407fc7972d	1548453896184	student	30	"birds with (purple wings and white crests) or white tails"	birds_purple_wings_white_crests_or_white_tails	3
25	false	true	false	logTest	mp-game-6	pilot	5625-2b81a024-0bf8-4431-ac52-de407fc7972d	1548453896184	student	30	"birds with (purple wings and white crests) or white tails"	birds_purple_wings_white_crests_or_white_tails	3
26	false	false	true	logTest	mp-game-6	pilot	5625-2b81a024-0bf8-4431-ac52-de407fc7972d	1548453896184	student	30	"birds with (purple wings and white crests) or white tails"	birds_purple_wings_white_crests_or_white_tails	3
27	false	false	true	logTest	mp-game-6	pilot	5625-2b81a024-0bf8-4431-ac52-de407fc7972d	1548453896184	student	30	"birds with (purple wings and white crests) or white tails"	birds_purple_wings_white_crests_or_white_tails	3
28	false	false	true	logTest	mp-game-6	pilot	5625-2b81a024-0bf8-4431-ac52-de407fc7972d	1548453896184	student	30	"birds with (purple wings and white crests) or white tails"	birds_purple_wings_white_crests_or_white_tails	3
29	false	false	true	logTest	mp-game-6	pilot	5625-2b81a024-0bf8-4431-ac52-de407fc7972d	1548453896184	student	30	"birds with (purple wings and white crests) or white tails"	birds_purple_wings_white_crests_or_white_tails	3
30	false	false	true	logTest	mp-game-6	pilot	5625-2b81a024-0bf8-4431-ac52-de407fc7972d	1548453896184	student	30	"birds with (purple wings and white crests) or white tails"	birds_purple_wings_white_crests_or_white_tails	3
31	false	false	true	logTest	mp-game-6	pilot	5625-2b81a024-0bf8-4431-ac52-de407fc7972d	1548453896184	student	30	"birds with (purple wings and white crests) or white tails"	birds_purple_wings_white_crests_or_white_tails	3
32	false	false	true	logTest	mp-game-6	pilot	5625-2b81a024-0bf8-4431-ac52-de407fc7972d	1548453896184	student	30	"birds with (purple wings and white crests) or white tails"	birds_purple_wings_white_crests_or_white_tails	3
33	false	false	true	logTest	mp-game-6	pilot	5625-2b81a024-0bf8-4431-ac52-de407fc7972d	1548453896184	student	30	"birds with (purple wings and white crests) or white tails"	birds_purple_wings_white_crests_or_white_tails	3
34	false	false	true	logTest	mp-game-6	pilot	5625-2b81a024-0bf8-4431-ac52-de407fc7972d	1548453896184	student	30	"birds with (purple wings and white crests) or white tails"	birds_purple_wings_white_crests_or_white_tails	3
35	false	false	true	logTest	mp-game-6	pilot	5625-2b81a024-0bf8-4431-ac52-de407fc7972d	1548453896184	student	30	"birds with (purple wings and white crests) or white tails"	birds_purple_wings_white_crests_or_white_tails	3
36	false	false	true	logTest	mp-game-6	pilot	5625-2b81a024-0bf8-4431-ac52-de407fc7972d	1548453896184	student	30	"birds with (purple wings and white crests) or white tails"	birds_purple_wings_white_crests_or_white_tails	3
37	false	true	false	logTest	mp-game-6	pilot	5625-2b81a024-0bf8-4431-ac52-de407fc7972d	1548453896184	student	30	"birds with (purple wings and white crests) or white tails"	birds_purple_wings_white_crests_or_white_tails	3
38	false	false	true	logTest	mp-game-6	pilot	5625-2b81a024-0bf8-4431-ac52-de407fc7972d	1548453896184	student	30	"birds with (purple wings and white crests) or white tails"	birds_purple_wings_white_crests_or_white_tails	3
39	false	false	true	logTest	mp-game-6	pilot	5625-2b81a024-0bf8-4431-ac52-de407fc7972d	1548453896184	student	30	"birds with (purple wings and white crests) or white tails"	birds_purple_wings_white_crests_or_white_tails	3
40	false	false	true	logTest	mp-game-6	pilot	5625-2b81a024-0bf8-4431-ac52-de407fc7972d	1548453896184	student	30	"birds with (purple wings and white crests) or white tails"	birds_purple_wings_white_crests_or_white_tails	3
41	false	false	true	logTest	mp-game-6	pilot	5625-2b81a024-0bf8-4431-ac52-de407fc7972d	1548453896184	student	30	"birds with (purple wings and white crests) or white tails"	birds_purple_wings_white_crests_or_white_tails	3
42	false	false	true	logTest	mp-game-6	pilot	5625-2b81a024-0bf8-4431-ac52-de407fc7972d	1548453896184	student	30	"birds with (purple wings and white crests) or white tails"	birds_purple_wings_white_crests_or_white_tails	3
43	false	false	true	logTest	mp-game-6	pilot	5625-2b81a024-0bf8-4431-ac52-de407fc7972d	1548453896184	student	30	"birds with (purple wings and white crests) or white tails"	birds_purple_wings_white_crests_or_white_tails	3
44	false	false	true	logTest	mp-game-6	pilot	5625-2b81a024-0bf8-4431-ac52-de407fc7972d	1548453896184	student	30	"birds with (purple wings and white crests) or white tails"	birds_purple_wings_white_crests_or_white_tails	3
45	false	false	true	logTest	mp-game-6	pilot	5625-2b81a024-0bf8-4431-ac52-de407fc7972d	1548453896184	student	30	"birds with (purple wings and white crests) or white tails"	birds_purple_wings_white_crests_or_white_tails	3
46	false	false	true	logTest	mp-game-6	pilot	5625-2b81a024-0bf8-4431-ac52-de407fc7972d	1548453896184	student	30	"birds with (purple wings and white crests) or white tails"	birds_purple_wings_white_crests_or_white_tails	3
47	false	false	true	logTest	mp-game-6	pilot	5625-2b81a024-0bf8-4431-ac52-de407fc7972d	1548453896184	student	30	"birds with (purple wings and white crests) or white tails"	birds_purple_wings_white_crests_or_white_tails	3
48	false	false	true	logTest	mp-game-6	pilot	5625-2b81a024-0bf8-4431-ac52-de407fc7972d	1548453896184	student	30	"birds with (purple wings and white crests) or white tails"	birds_purple_wings_white_crests_or_white_tails	3
49	false	false	true	logTest	mp-game-6	pilot	5625-2b81a024-0bf8-4431-ac52-de407fc7972d	1548453896184	student	30	"birds with (purple wings and white crests) or white tails"	birds_purple_wings_white_crests_or_white_tails	3
0	false	false	true	logTest	mp-game-6	pilot	5625-2b81a024-0bf8-4431-ac52-de407fc7972d	1548454018871	explorer	0	"flowers with orange stems"	flowers_orange_stems	4
1	false	false	true	logTest	mp-game-6	pilot	5625-2b81a024-0bf8-4431-ac52-de407fc7972d	1548454018871	explorer	0	"flowers with orange stems"	flowers_orange_stems	4
2	false	false	true	logTest	mp-game-6	pilot	5625-2b81a024-0bf8-4431-ac52-de407fc7972d	1548454018871	explorer	0	"flowers with orange stems"	flowers_orange_stems	4
3	true	true	true	logTest	mp-game-6	pilot	5625-2b81a024-0bf8-4431-ac52-de407fc7972d	1548454018871	explorer	0	"flowers with orange stems"	flowers_orange_stems	4
4	true	true	true	logTest	mp-game-6	pilot	5625-2b81a024-0bf8-4431-ac52-de407fc7972d	1548454018871	explorer	0	"flowers with orange stems"	flowers_orange_stems	4
5	true	true	true	logTest	mp-game-6	pilot	5625-2b81a024-0bf8-4431-ac52-de407fc7972d	1548454018871	explorer	0	"flowers with orange stems"	flowers_orange_stems	4
6	false	false	true	logTest	mp-game-6	pilot	5625-2b81a024-0bf8-4431-ac52-de407fc7972d	1548454018871	explorer	0	"flowers with orange stems"	flowers_orange_stems	4
7	true	true	true	logTest	mp-game-6	pilot	5625-2b81a024-0bf8-4431-ac52-de407fc7972d	1548454018871	explorer	0	"flowers with orange stems"	flowers_orange_stems	4
8	false	false	true	logTest	mp-game-6	pilot	5625-2b81a024-0bf8-4431-ac52-de407fc7972d	1548454018871	explorer	0	"flowers with orange stems"	flowers_orange_stems	4
9	false	false	true	logTest	mp-game-6	pilot	5625-2b81a024-0bf8-4431-ac52-de407fc7972d	1548454018871	explorer	0	"flowers with orange stems"	flowers_orange_stems	4
10	false	false	true	logTest	mp-game-6	pilot	5625-2b81a024-0bf8-4431-ac52-de407fc7972d	1548454018871	explorer	0	"flowers with orange stems"	flowers_orange_stems	4
11	true	true	true	logTest	mp-game-6	pilot	5625-2b81a024-0bf8-4431-ac52-de407fc7972d	1548454018871	explorer	0	"flowers with orange stems"	flowers_orange_stems	4
12	false	false	true	logTest	mp-game-6	pilot	5625-2b81a024-0bf8-4431-ac52-de407fc7972d	1548454018871	explorer	0	"flowers with orange stems"	flowers_orange_stems	4
13	false	false	true	logTest	mp-game-6	pilot	5625-2b81a024-0bf8-4431-ac52-de407fc7972d	1548454018871	explorer	0	"flowers with orange stems"	flowers_orange_stems	4
14	true	true	true	logTest	mp-game-6	pilot	5625-2b81a024-0bf8-4431-ac52-de407fc7972d	1548454018871	explorer	0	"flowers with orange stems"	flowers_orange_stems	4
15	false	false	true	logTest	mp-game-6	pilot	5625-2b81a024-0bf8-4431-ac52-de407fc7972d	1548454018871	explorer	0	"flowers with orange stems"	flowers_orange_stems	4
16	true	true	true	logTest	mp-game-6	pilot	5625-2b81a024-0bf8-4431-ac52-de407fc7972d	1548454018871	explorer	0	"flowers with orange stems"	flowers_orange_stems	4
17	false	false	true	logTest	mp-game-6	pilot	5625-2b81a024-0bf8-4431-ac52-de407fc7972d	1548454018871	explorer	0	"flowers with orange stems"	flowers_orange_stems	4
18	false	false	true	logTest	mp-game-6	pilot	5625-2b81a024-0bf8-4431-ac52-de407fc7972d	1548454018871	explorer	0	"flowers with orange stems"	flowers_orange_stems	4
19	false	false	true	logTest	mp-game-6	pilot	5625-2b81a024-0bf8-4431-ac52-de407fc7972d	1548454018871	explorer	0	"flowers with orange stems"	flowers_orange_stems	4
20	false	false	true	logTest	mp-game-6	pilot	5625-2b81a024-0bf8-4431-ac52-de407fc7972d	1548454018871	explorer	0	"flowers with orange stems"	flowers_orange_stems	4
21	true	true	true	logTest	mp-game-6	pilot	5625-2b81a024-0bf8-4431-ac52-de407fc7972d	1548454018871	explorer	0	"flowers with orange stems"	flowers_orange_stems	4
22	true	true	true	logTest	mp-game-6	pilot	5625-2b81a024-0bf8-4431-ac52-de407fc7972d	1548454018871	explorer	0	"flowers with orange stems"	flowers_orange_stems	4
23	true	true	true	logTest	mp-game-6	pilot	5625-2b81a024-0bf8-4431-ac52-de407fc7972d	1548454018871	explorer	0	"flowers with orange stems"	flowers_orange_stems	4
24	true	true	true	logTest	mp-game-6	pilot	5625-2b81a024-0bf8-4431-ac52-de407fc7972d	1548454018871	explorer	0	"flowers with orange stems"	flowers_orange_stems	4
25	false	false	true	logTest	mp-game-6	pilot	5625-2b81a024-0bf8-4431-ac52-de407fc7972d	1548454018871	explorer	0	"flowers with orange stems"	flowers_orange_stems	4
26	false	false	true	logTest	mp-game-6	pilot	5625-2b81a024-0bf8-4431-ac52-de407fc7972d	1548454018871	explorer	0	"flowers with orange stems"	flowers_orange_stems	4
27	false	false	true	logTest	mp-game-6	pilot	5625-2b81a024-0bf8-4431-ac52-de407fc7972d	1548454018871	explorer	0	"flowers with orange stems"	flowers_orange_stems	4
28	true	true	true	logTest	mp-game-6	pilot	5625-2b81a024-0bf8-4431-ac52-de407fc7972d	1548454018871	explorer	0	"flowers with orange stems"	flowers_orange_stems	4
29	true	true	true	logTest	mp-game-6	pilot	5625-2b81a024-0bf8-4431-ac52-de407fc7972d	1548454018871	explorer	0	"flowers with orange stems"	flowers_orange_stems	4
30	true	true	true	logTest	mp-game-6	pilot	5625-2b81a024-0bf8-4431-ac52-de407fc7972d	1548454018871	explorer	0	"flowers with orange stems"	flowers_orange_stems	4
31	true	true	true	logTest	mp-game-6	pilot	5625-2b81a024-0bf8-4431-ac52-de407fc7972d	1548454018871	explorer	0	"flowers with orange stems"	flowers_orange_stems	4
32	true	true	true	logTest	mp-game-6	pilot	5625-2b81a024-0bf8-4431-ac52-de407fc7972d	1548454018871	explorer	0	"flowers with orange stems"	flowers_orange_stems	4
33	true	true	true	logTest	mp-game-6	pilot	5625-2b81a024-0bf8-4431-ac52-de407fc7972d	1548454018871	explorer	0	"flowers with orange stems"	flowers_orange_stems	4
34	false	false	true	logTest	mp-game-6	pilot	5625-2b81a024-0bf8-4431-ac52-de407fc7972d	1548454018871	explorer	0	"flowers with orange stems"	flowers_orange_stems	4
35	true	true	true	logTest	mp-game-6	pilot	5625-2b81a024-0bf8-4431-ac52-de407fc7972d	1548454018871	explorer	0	"flowers with orange stems"	flowers_orange_stems	4
36	false	false	true	logTest	mp-game-6	pilot	5625-2b81a024-0bf8-4431-ac52-de407fc7972d	1548454018871	explorer	0	"flowers with orange stems"	flowers_orange_stems	4
37	true	true	true	logTest	mp-game-6	pilot	5625-2b81a024-0bf8-4431-ac52-de407fc7972d	1548454018871	explorer	0	"flowers with orange stems"	flowers_orange_stems	4
38	false	false	true	logTest	mp-game-6	pilot	5625-2b81a024-0bf8-4431-ac52-de407fc7972d	1548454018871	explorer	0	"flowers with orange stems"	flowers_orange_stems	4
39	false	false	true	logTest	mp-game-6	pilot	5625-2b81a024-0bf8-4431-ac52-de407fc7972d	1548454018871	explorer	0	"flowers with orange stems"	flowers_orange_stems	4
40	true	true	true	logTest	mp-game-6	pilot	5625-2b81a024-0bf8-4431-ac52-de407fc7972d	1548454018871	explorer	0	"flowers with orange stems"	flowers_orange_stems	4
41	true	true	true	logTest	mp-game-6	pilot	5625-2b81a024-0bf8-4431-ac52-de407fc7972d	1548454018871	explorer	0	"flowers with orange stems"	flowers_orange_stems	4
42	false	false	true	logTest	mp-game-6	pilot	5625-2b81a024-0bf8-4431-ac52-de407fc7972d	1548454018871	explorer	0	"flowers with orange stems"	flowers_orange_stems	4
43	false	false	true	logTest	mp-game-6	pilot	5625-2b81a024-0bf8-4431-ac52-de407fc7972d	1548454018871	explorer	0	"flowers with orange stems"	flowers_orange_stems	4
44	false	false	true	logTest	mp-game-6	pilot	5625-2b81a024-0bf8-4431-ac52-de407fc7972d	1548454018871	explorer	0	"flowers with orange stems"	flowers_orange_stems	4
45	true	true	true	logTest	mp-game-6	pilot	5625-2b81a024-0bf8-4431-ac52-de407fc7972d	1548454018871	explorer	0	"flowers with orange stems"	flowers_orange_stems	4
46	false	false	true	logTest	mp-game-6	pilot	5625-2b81a024-0bf8-4431-ac52-de407fc7972d	1548454018871	explorer	0	"flowers with orange stems"	flowers_orange_stems	4
47	false	false	true	logTest	mp-game-6	pilot	5625-2b81a024-0bf8-4431-ac52-de407fc7972d	1548454018871	explorer	0	"flowers with orange stems"	flowers_orange_stems	4
48	false	false	true	logTest	mp-game-6	pilot	5625-2b81a024-0bf8-4431-ac52-de407fc7972d	1548454018871	explorer	0	"flowers with orange stems"	flowers_orange_stems	4
49	false	false	true	logTest	mp-game-6	pilot	5625-2b81a024-0bf8-4431-ac52-de407fc7972d	1548454018871	explorer	0	"flowers with orange stems"	flowers_orange_stems	4
0	false	false	true	logTest	mp-game-6	pilot	5625-2b81a024-0bf8-4431-ac52-de407fc7972d	1548454033335	student	0	"flowers with orange stems"	flowers_orange_stems	4
1	false	false	true	logTest	mp-game-6	pilot	5625-2b81a024-0bf8-4431-ac52-de407fc7972d	1548454033335	student	0	"flowers with orange stems"	flowers_orange_stems	4
2	false	false	true	logTest	mp-game-6	pilot	5625-2b81a024-0bf8-4431-ac52-de407fc7972d	1548454033335	student	0	"flowers with orange stems"	flowers_orange_stems	4
3	true	true	true	logTest	mp-game-6	pilot	5625-2b81a024-0bf8-4431-ac52-de407fc7972d	1548454033335	student	0	"flowers with orange stems"	flowers_orange_stems	4
4	true	true	true	logTest	mp-game-6	pilot	5625-2b81a024-0bf8-4431-ac52-de407fc7972d	1548454033335	student	0	"flowers with orange stems"	flowers_orange_stems	4
5	true	true	true	logTest	mp-game-6	pilot	5625-2b81a024-0bf8-4431-ac52-de407fc7972d	1548454033335	student	0	"flowers with orange stems"	flowers_orange_stems	4
6	false	false	true	logTest	mp-game-6	pilot	5625-2b81a024-0bf8-4431-ac52-de407fc7972d	1548454033335	student	0	"flowers with orange stems"	flowers_orange_stems	4
7	true	true	true	logTest	mp-game-6	pilot	5625-2b81a024-0bf8-4431-ac52-de407fc7972d	1548454033335	student	0	"flowers with orange stems"	flowers_orange_stems	4
8	false	false	true	logTest	mp-game-6	pilot	5625-2b81a024-0bf8-4431-ac52-de407fc7972d	1548454033335	student	0	"flowers with orange stems"	flowers_orange_stems	4
9	false	false	true	logTest	mp-game-6	pilot	5625-2b81a024-0bf8-4431-ac52-de407fc7972d	1548454033335	student	0	"flowers with orange stems"	flowers_orange_stems	4
10	false	false	true	logTest	mp-game-6	pilot	5625-2b81a024-0bf8-4431-ac52-de407fc7972d	1548454033335	student	0	"flowers with orange stems"	flowers_orange_stems	4
11	true	true	true	logTest	mp-game-6	pilot	5625-2b81a024-0bf8-4431-ac52-de407fc7972d	1548454033335	student	0	"flowers with orange stems"	flowers_orange_stems	4
12	false	false	true	logTest	mp-game-6	pilot	5625-2b81a024-0bf8-4431-ac52-de407fc7972d	1548454033335	student	0	"flowers with orange stems"	flowers_orange_stems	4
13	false	false	true	logTest	mp-game-6	pilot	5625-2b81a024-0bf8-4431-ac52-de407fc7972d	1548454033335	student	0	"flowers with orange stems"	flowers_orange_stems	4
14	true	true	true	logTest	mp-game-6	pilot	5625-2b81a024-0bf8-4431-ac52-de407fc7972d	1548454033335	student	0	"flowers with orange stems"	flowers_orange_stems	4
15	false	false	true	logTest	mp-game-6	pilot	5625-2b81a024-0bf8-4431-ac52-de407fc7972d	1548454033335	student	0	"flowers with orange stems"	flowers_orange_stems	4
16	true	true	true	logTest	mp-game-6	pilot	5625-2b81a024-0bf8-4431-ac52-de407fc7972d	1548454033335	student	0	"flowers with orange stems"	flowers_orange_stems	4
17	false	false	true	logTest	mp-game-6	pilot	5625-2b81a024-0bf8-4431-ac52-de407fc7972d	1548454033335	student	0	"flowers with orange stems"	flowers_orange_stems	4
18	false	false	true	logTest	mp-game-6	pilot	5625-2b81a024-0bf8-4431-ac52-de407fc7972d	1548454033335	student	0	"flowers with orange stems"	flowers_orange_stems	4
19	false	false	true	logTest	mp-game-6	pilot	5625-2b81a024-0bf8-4431-ac52-de407fc7972d	1548454033335	student	0	"flowers with orange stems"	flowers_orange_stems	4
20	false	false	true	logTest	mp-game-6	pilot	5625-2b81a024-0bf8-4431-ac52-de407fc7972d	1548454033335	student	0	"flowers with orange stems"	flowers_orange_stems	4
21	true	true	true	logTest	mp-game-6	pilot	5625-2b81a024-0bf8-4431-ac52-de407fc7972d	1548454033335	student	0	"flowers with orange stems"	flowers_orange_stems	4
22	true	true	true	logTest	mp-game-6	pilot	5625-2b81a024-0bf8-4431-ac52-de407fc7972d	1548454033335	student	0	"flowers with orange stems"	flowers_orange_stems	4
23	true	true	true	logTest	mp-game-6	pilot	5625-2b81a024-0bf8-4431-ac52-de407fc7972d	1548454033335	student	0	"flowers with orange stems"	flowers_orange_stems	4
24	true	true	true	logTest	mp-game-6	pilot	5625-2b81a024-0bf8-4431-ac52-de407fc7972d	1548454033335	student	0	"flowers with orange stems"	flowers_orange_stems	4
25	false	false	true	logTest	mp-game-6	pilot	5625-2b81a024-0bf8-4431-ac52-de407fc7972d	1548454033335	student	0	"flowers with orange stems"	flowers_orange_stems	4
26	false	false	true	logTest	mp-game-6	pilot	5625-2b81a024-0bf8-4431-ac52-de407fc7972d	1548454033335	student	0	"flowers with orange stems"	flowers_orange_stems	4
27	false	false	true	logTest	mp-game-6	pilot	5625-2b81a024-0bf8-4431-ac52-de407fc7972d	1548454033335	student	0	"flowers with orange stems"	flowers_orange_stems	4
28	true	true	true	logTest	mp-game-6	pilot	5625-2b81a024-0bf8-4431-ac52-de407fc7972d	1548454033335	student	0	"flowers with orange stems"	flowers_orange_stems	4
29	true	true	true	logTest	mp-game-6	pilot	5625-2b81a024-0bf8-4431-ac52-de407fc7972d	1548454033335	student	0	"flowers with orange stems"	flowers_orange_stems	4
30	true	true	true	logTest	mp-game-6	pilot	5625-2b81a024-0bf8-4431-ac52-de407fc7972d	1548454033335	student	0	"flowers with orange stems"	flowers_orange_stems	4
31	true	true	true	logTest	mp-game-6	pilot	5625-2b81a024-0bf8-4431-ac52-de407fc7972d	1548454033335	student	0	"flowers with orange stems"	flowers_orange_stems	4
32	true	true	true	logTest	mp-game-6	pilot	5625-2b81a024-0bf8-4431-ac52-de407fc7972d	1548454033335	student	0	"flowers with orange stems"	flowers_orange_stems	4
33	true	true	true	logTest	mp-game-6	pilot	5625-2b81a024-0bf8-4431-ac52-de407fc7972d	1548454033335	student	0	"flowers with orange stems"	flowers_orange_stems	4
34	false	false	true	logTest	mp-game-6	pilot	5625-2b81a024-0bf8-4431-ac52-de407fc7972d	1548454033335	student	0	"flowers with orange stems"	flowers_orange_stems	4
35	true	true	true	logTest	mp-game-6	pilot	5625-2b81a024-0bf8-4431-ac52-de407fc7972d	1548454033335	student	0	"flowers with orange stems"	flowers_orange_stems	4
36	false	false	true	logTest	mp-game-6	pilot	5625-2b81a024-0bf8-4431-ac52-de407fc7972d	1548454033335	student	0	"flowers with orange stems"	flowers_orange_stems	4
37	true	true	true	logTest	mp-game-6	pilot	5625-2b81a024-0bf8-4431-ac52-de407fc7972d	1548454033335	student	0	"flowers with orange stems"	flowers_orange_stems	4
38	false	false	true	logTest	mp-game-6	pilot	5625-2b81a024-0bf8-4431-ac52-de407fc7972d	1548454033335	student	0	"flowers with orange stems"	flowers_orange_stems	4
39	false	false	true	logTest	mp-game-6	pilot	5625-2b81a024-0bf8-4431-ac52-de407fc7972d	1548454033335	student	0	"flowers with orange stems"	flowers_orange_stems	4
40	true	true	true	logTest	mp-game-6	pilot	5625-2b81a024-0bf8-4431-ac52-de407fc7972d	1548454033335	student	0	"flowers with orange stems"	flowers_orange_stems	4
41	true	true	true	logTest	mp-game-6	pilot	5625-2b81a024-0bf8-4431-ac52-de407fc7972d	1548454033335	student	0	"flowers with orange stems"	flowers_orange_stems	4
42	false	false	true	logTest	mp-game-6	pilot	5625-2b81a024-0bf8-4431-ac52-de407fc7972d	1548454033335	student	0	"flowers with orange stems"	flowers_orange_stems	4
43	false	false	true	logTest	mp-game-6	pilot	5625-2b81a024-0bf8-4431-ac52-de407fc7972d	1548454033335	student	0	"flowers with orange stems"	flowers_orange_stems	4
44	false	false	true	logTest	mp-game-6	pilot	5625-2b81a024-0bf8-4431-ac52-de407fc7972d	1548454033335	student	0	"flowers with orange stems"	flowers_orange_stems	4
45	true	true	true	logTest	mp-game-6	pilot	5625-2b81a024-0bf8-4431-ac52-de407fc7972d	1548454033335	student	0	"flowers with orange stems"	flowers_orange_stems	4
46	false	false	true	logTest	mp-game-6	pilot	5625-2b81a024-0bf8-4431-ac52-de407fc7972d	1548454033335	student	0	"flowers with orange stems"	flowers_orange_stems	4
47	false	false	true	logTest	mp-game-6	pilot	5625-2b81a024-0bf8-4431-ac52-de407fc7972d	1548454033335	student	0	"flowers with orange stems"	flowers_orange_stems	4
48	false	false	true	logTest	mp-game-6	pilot	5625-2b81a024-0bf8-4431-ac52-de407fc7972d	1548454033335	student	0	"flowers with orange stems"	flowers_orange_stems	4
49	false	false	true	logTest	mp-game-6	pilot	5625-2b81a024-0bf8-4431-ac52-de407fc7972d	1548454033335	student	0	"flowers with orange stems"	flowers_orange_stems	4
